"id","predicted_restatement","introduced_terms"
"item_1bc661fd8c58df73","The attempt works through realtor_school_list tool provided and considers data three elementary, then examines schools austin response and settles includes school name to reach a resolution.","attempt;considers;examines;reach;resolution;settles;through;works"
"item_cbe5a5c8365b9bf9","The attempt works through dividing both sides and considers mathbfm beginpmatrix endpmatrix, then examines endpmatrixthis tells column and settles since endpmatrixdividing second to reach a resolution.","attempt;considers;examines;reach;resolution;settles;through;works"
"item_ff31b53ef0221fc0","The attempt works through remove_arobject call successful and considers good add object, then examines user specified new_objglb and settles file add_arobject position to reach a resolution.","attempt;considers;examines;reach;resolution;settles;through;works"
"item_607422886df705c2","The attempt works through help user push and considers feature branch create, then examines pull request lets and settles start looking tools to reach a resolution.","attempt;considers;examines;reach;resolution;settles;through;works"
"item_468115d37b883eac","The attempt works through check_anagram function called and considers again fun run, then examines returned false means and settles anagrams letters different to reach a resolution.","attempt;considers;examines;reach;resolution;settles;through;works"
"item_bb243bdcccf50f08","The attempt works through user tasks check and considers man plan canal, then examines panama palindrome second and settles reverse deep learning to reach a resolution.","attempt;considers;examines;reach;resolution;settles;through;works"
"item_89b0aa9384456255","The attempt works through user provided names and considers andrei elena asked, then examines typical genders russian and settles genderize api responses to reach a resolution.","attempt;considers;examines;reach;resolution;settles;through;works"
"item_039df3a25b1a48ca","The attempt works through user asked venue and considers details 12345 german, then examines successfully fetched thevenuedetails and settles function response includes to reach a resolution.","attempt;considers;examines;reach;resolution;settles;through;works"
"item_5b2c429a36a05ec8","The attempt works through note frac174 4frac14 and considers quadtextandquad frac352 17frac12therefore, then examines integers between numbers and settles inclusive odd range to reach a resolution.","attempt;considers;examines;reach;resolution;settles;through;works"
"item_f22dab78a1aa7199","The attempt works through triangles diagram 306090 and considers ratio side lengths, then examines triangle 1sqrt32 since and settles angle aeb 60circ to reach a resolution.","attempt;considers;examines;reach;resolution;settles;through;works"
"item_19515b73c17a3a9c","The attempt works through figure fetch ticker and considers information cryptocurrencies starting, then examines index lets start and settles looking available tools to reach a resolution.","attempt;considers;examines;reach;resolution;settles;through;works"
"item_c1858606b521d5ae","The attempt works through user asking searching and considers forsmartphone products pricer, then examines api wait looking and settles available tools specifically to reach a resolution.","attempt;considers;examines;reach;resolution;settles;through;works"
"item_d2700dd361e03360","The attempt works through user wants upvote and considers riddle 54321 because, then examines laugh check available and settles tools theres function to reach a resolution.","attempt;considers;examines;reach;resolution;settles;through;works"
"item_bf36cda7de80789e","The attempt works through font import qfont and considers class ltbgt makes, then examines text bold bpropertiesb and settles hreffonthtmlltfontgta properties def to reach a resolution.","attempt;considers;examines;reach;resolution;settles;through;works"
"item_1e87018f2ec12e26","The attempt works through lets user wants and considers add theme set, then examines custom domain configure and settles seo settings shopify to reach a resolution.","attempt;considers;examines;reach;resolution;settles;through;works"
"item_7bc1f57d254ec22b","The attempt works through distance between origin and considers f_1 f_2 every, then examines point ellipse satisfies and settles pf_1 pf_2 5so to reach a resolution.","attempt;considers;examines;reach;resolution;settles;through;works"
"item_01a56ed01daa674c","The attempt works through stability index johannesburg and considers last week status, then examines stable user wanted and settles power system result to reach a resolution.","attempt;considers;examines;reach;resolution;settles;through;works"
"item_2ab387231c1bdb27","The attempt works through assistant received weather and considers query san francisco, then examines get_weather function available and settles construct appropriate call to reach a resolution.","attempt;considers;examines;reach;resolution;settles;through;works"
"item_4f6017735b1f7271","The attempt works through ones digit write and considers equiv mean same, then examines beginalign 3133cdots32009equiv cdots and settles boxed3 endalign to reach a resolution.","attempt;considers;examines;reach;resolution;settles;through;works"
"item_26ebc1f0854f58ce","The attempt works through flake8 noqa pilkit and considers image processors processor, then examines accepts stuff returns and settles result anything responsibilities to reach a resolution.","attempt;considers;examines;reach;resolution;settles;through;works"
"item_3aa2628cf72931af","The attempt works through user asking motivational and considers quotes inspire team, then examines during business project and settles get_all_motivational_quotes tool allows to reach a resolution.","attempt;considers;examines;reach;resolution;settles;through;works"
"item_cd28dac618c6a41a","The attempt works through get_genres tool returned and considers list genre ids, then examines corresponding names user and settles asked genres currently to reach a resolution.","attempt;considers;examines;reach;resolution;settles;works"
"item_afe0438c828ed330","The attempt works through user wants distance and considers between york chicago, then examines planning trip comparing and settles locations calculate_distance tool to reach a resolution.","attempt;considers;examines;reach;resolution;settles;through;works"
"item_87453bbaf1d75a07","The attempt works through encoding utf8 copyright and considers 2015 compassion httpwwwcompassionch, then examines releasing children poverty and settles jesus name author to reach a resolution.","attempt;considers;examines;reach;resolution;settles;through;works"
"item_bca2d0b06020ef2b","The attempt works through transformation rotates origin and considers angle 45circ clockwise, then examines takes beginpmatrix endpmatrix and settles 1sqrt2 matrix boxedbeginpmatrix to reach a resolution.","attempt;considers;examines;reach;resolution;settles;through;works"
"item_7f635cf40441c1c0","The attempt works through user asking billboard and considers hot 100 chart, then examines 20220910 hmm none and settles available tools directly to reach a resolution.","attempt;considers;examines;reach;resolution;settles;works"
"item_01285b681ec633eb","The attempt works through user wants extract and considers details linkedin company, then examines page function provided and settles check parameters tool to reach a resolution.","attempt;considers;examines;reach;resolution;settles;through;works"
"item_335f89721a60348e","The attempt works through common utilities turtle and considers import def turtle_subclassname, then examines creates subclass given and settles name return typename to reach a resolution.","attempt;considers;examines;reach;resolution;settles;through;works"
"item_3605898db2e8c7a6","The attempt works through break down users and considers request energy trader, then examines focused electricity futures and settles three main tasks to reach a resolution.","attempt;considers;examines;reach;resolution;settles;through;works"
"item_126b873fc0c778a7","The attempt works through split 05overline10 050overline01 and considers convert 0overline01 fraction, then examines setting 0overline01x multiplying and settles both sides 100 to reach a resolution.","attempt;considers;examines;reach;resolution;settles;through;works"
"item_6872bfac483eb719","The attempt works through user requesting whois and considers record exampleorg tool, then examines again passing domain and settles function fetch relevant to reach a resolution.","attempt;considers;examines;reach;resolution;settles;through;works"
"item_7f4ca738f27aed48","The attempt works through inside lambda 4xxyy and considers 100 def collsx, then examines range32 insidesx return and settles dxm dym normx to reach a resolution.","attempt;considers;examines;reach;resolution;settles;through;works"
"item_255201ee9fd4ae72","The attempt works through user wants details and considers fighter 1313 function, then examines theres note handling and settles api errors getting to reach a resolution.","attempt;considers;examines;reach;resolution;settles;through;works"
"item_3363826c6b5d97d7","The attempt works through user wants things and considers check phrase car, then examines cat saw palindrome and settles second reverse word to reach a resolution.","attempt;considers;examines;reach;resolution;settles;through;works"
"item_41b554be076c62e1","The attempt works through point unit circle and considers 210circ counterclockwise foot, then examines altitude xaxis shown and settles below asy pair to reach a resolution.","attempt;considers;examines;reach;resolution;settles;through;works"
"item_87b7c00a851f9f1c","The attempt works through notice problem three and considers pairs form sin, then examines theta sinpi sumtoproduct and settles formula yields beginalign to reach a resolution.","attempt;considers;examines;reach;resolution;settles;through;works"
"item_23e4a11c3f7ff5f0","The attempt works through user wants search and considers countries idd code, then examines results starting second and settles record approach search_countries_by_idd to reach a resolution.","attempt;considers;examines;reach;resolution;settles;through;works"
"item_6e7aba0f5a15e25a","The attempt works through generated django 20210511 and considers 1343 djangodb import, then examines migrations class migrationmigrationsmigration and settles dependencies stock 0062_auto_20210511_2151 to reach a resolution.","attempt;considers;examines;reach;resolution;settles;through;works"
"item_8dd551096dc9e938","The attempt works through user wants calculation and considers 10000 invested years, then examines calculate_investment_return function again and settles initial amount interest to reach a resolution.","attempt;considers;examines;reach;resolution;settles;through;works"
"item_e13040bcc2e5922c","The attempt works through user wants fetch and considers order details function, then examines available get_order takes and settles wait hasnt provided to reach a resolution.","attempt;considers;examines;reach;resolution;settles;through;works"
"item_3ec5d22fc8d55115","The attempt works through user provided linkedin and considers url company httpswwwlinkedincomcompanyabccorporation, then examines extract tool called and settles response includes details to reach a resolution.","attempt;considers;examines;reach;resolution;settles;through;works"
"item_e1119d86a29983c3","The attempt works through user wants earnings and considers revisions tesla inc, then examines tsla check tool and settles help looking available to reach a resolution.","attempt;considers;examines;reach;resolution;settles;through;works"
"item_3cf38394201032ad","The attempt works through internet connectivity check and considers passed means connection, then examines active even device and settles reset call quality to reach a resolution.","attempt;considers;examines;reach;resolution;settles;through;works"
"item_4a543852cd35757e","The attempt works through user asked latest and considers sports news assistant, then examines successfully retrieved get_news and settles function category response to reach a resolution.","attempt;considers;examines;reach;resolution;settles;through;works"
"item_2f632150312724ed","The attempt works through alright response get_event_calendar and considers shows three events, then examines paris fashion week and settles bridal fair mens to reach a resolution.","attempt;considers;examines;reach;resolution;settles;through;works"
"item_94b19e356d7675a1","The attempt works through user requesting information and considers impacts renewable energy, then examines sources specifically solar and settles power environmental sustainability to reach a resolution.","attempt;considers;examines;reach;resolution;settles;through;works"
"item_50182dd96727272c","The attempt works through user asking eredivisie and considers standings 2021 season, then examines provided api response and settles includes top five to reach a resolution.","attempt;considers;examines;reach;resolution;settles;through;works"
"item_eef943ef9a6376b8","The attempt works through user wants extract and considers details linkedin company, then examines page tool provided and settles function parameters require to reach a resolution.","attempt;considers;examines;reach;resolution;settles;through;works"
"item_38bb2a6ed2a110be","The attempt works through user wants plan and considers 3week agile sprint, then examines four tasks available and settles tool agile_sprint_planning parameters to reach a resolution.","attempt;considers;examines;reach;resolution;settles;through;works"
"item_67cf1870c3be3c87","The attempt works through compare_nonprofits tool returned and considers food4all greater impact, then examines sheltertogether 2025 retrieve and settles evaluation report impactful to reach a resolution.","attempt;considers;examines;reach;resolution;settles;through;works"
"item_1e3d185d7b3f8be7","The attempt works through lets tackle query and considers user asking risk, then examines level developing type and settles diabetes someone moderately to reach a resolution.","attempt;considers;examines;reach;resolution;settles;through;works"
"item_b9bc67488af9f48c","The attempt works through note operatornamelcm1848 144 and considers zw144 z144 w144, then examines z188 cdot w483 and settles 1hence every element to reach a resolution.","attempt;considers;examines;reach;resolution;settles;through;works"
"item_129e72b0d9b8f748","The attempt works through n23n2n1n2 product integers and considers greater thus prime, then examines respectively 1112 0quad and settles 2122 0quadtextandquad 3132 to reach a resolution.","attempt;considers;examines;reach;resolution;settles;through;works"
"item_c4a754eda043d37f","The attempt works through user provided linkedin and considers url abc corporation, then examines requested motivational quotes and settles extract tool necessary to reach a resolution.","attempt;considers;examines;reach;resolution;settles;through;works"
"item_b874b6bd0de0ff74","The attempt works through search_restaurant function called and considers location york cuisine, then examines italian response received and settles name pecora bianca to reach a resolution.","attempt;considers;examines;reach;resolution;settles;through;works"
"item_fd4871eafd3747e1","The attempt works through user wants draw and considers random cards shuffled, then examines deck check available and settles tools theres draw_cards to reach a resolution.","attempt;considers;examines;reach;resolution;settles;through;works"
"item_1cba0f45ff5b7fae","The attempt works through basic facts number and considers theory any even, then examines integer unless base and settles complex excluded since to reach a resolution.","attempt;considers;examines;reach;resolution;settles;through;works"
"item_e3c24ecf81840341","The attempt works through user wants information and considers random smg skin, then examines counterstrike check available and settles functions theres random_skin_from_class to reach a resolution.","attempt;considers;examines;reach;resolution;settles;through;works"
"item_8afd1b93d1b6456f","The attempt works through user wants random and considers number time between, then examines 200 300 generate_random_number and settles tool again set to reach a resolution.","attempt;considers;examines;reach;resolution;settles;through;works"
"item_a8724d073824bdea","The attempt works through assistant successfully created and considers draas plan requested, then examines provided along confirmation and settles selected parameters additional to reach a resolution.","attempt;considers;examines;reach;resolution;settles;through;works"
"item_dff653431b3b9f5b","The attempt works through triangle abc hypotenuse and considers overlineab center circle, then examines right inscribed diameter and settles since point 100250 to reach a resolution.","attempt;considers;examines;reach;resolution;settles;through;works"
"item_c087d344d8bb2830","The attempt works through fivedigit number must and considers divisible nonzero digits, then examines include digit zero and settles since included possible to reach a resolution.","attempt;considers;examines;reach;resolution;settles;through;works"
"item_5b5aeb814359edf0","The attempt works through call quality analysis and considers showed poor reset, then examines device settings device123 and settles thereset_device_settings function after to reach a resolution.","attempt;considers;examines;reach;resolution;settles;through;works"
"item_51ebcd977d334e26","The attempt works through user wants currency and considers time series data, then examines gbpusd past months and settles check available tools to reach a resolution.","attempt;considers;examines;reach;resolution;settles;through;works"
"item_5997fa6365bc95a3","The attempt works through user wants search and considers laptop products amazon, then examines price range 500 and settles 1000 sorted lowest to reach a resolution.","attempt;considers;examines;reach;resolution;settles;through;works"
"item_e48bd47e0e0cc672","The attempt works through user asking help and considers setting budget mentioned, then examines monthly income 4500 and settles fixed expense 1200 to reach a resolution.","attempt;considers;examines;reach;resolution;settles;through;works"
"item_97ba4f8f260f1ced","The attempt works through angle cbd 90circ and considers 60circ triangle bdc, then examines cda similar 306090 and settles triangles side overlinecd to reach a resolution.","attempt;considers;examines;reach;resolution;settles;through;works"
"item_d8c31d1d993d0c47","The attempt works through divide cases case and considers liz chooses green, then examines marble purple must and settles choose marbles remaining to reach a resolution.","attempt;considers;examines;reach;resolution;settles;through;works"
"item_254e01f5395e081c","The attempt works through coding utf8 generated and considers django 1112 20170809, then examines 1756 __future__ import and settles unicode_literals djangodb migrations to reach a resolution.","attempt;considers;examines;reach;resolution;settles;through;works"
"item_a17c61cf87b2a62b","The attempt works through user requested list and considers elementary schools austin, then examines texas response included and settles three locations ratings to reach a resolution.","attempt;considers;examines;reach;resolution;settles;through;works"
"item_b6d142b0b029615a","The attempt works through cubing equation beginalign and considers yi3 3x2 3xy2, then examines y3i endalignhence xx2 and settles 3y2 74thus must to reach a resolution.","attempt;considers;examines;reach;resolution;settles;through;works"
"item_d76e5576be650b7e","The attempt works through user wants extract and considers details linkedin company, then examines page url function and settles available called tools to reach a resolution.","attempt;considers;examines;reach;resolution;settles;through;works"
"item_1f327e4fe8b4c60b","The attempt works through user asked details and considers airplane code a380, then examines get_airplane_details function called and settles required parameter response to reach a resolution.","attempt;considers;examines;reach;resolution;settles;through;works"
"item_3996614fc11c6f9a","The attempt works through user wants most and considers active stocks market, then examines starting index recall and settles available tools theres to reach a resolution.","attempt;considers;examines;reach;resolution;settles;through;works"
"item_e4a671e58ac2f00a","The attempt works through draw pentagon follows and considers altitude overlinebg overlineae, then examines since angle bag and settles 45circ aggb asy to reach a resolution.","attempt;considers;examines;reach;resolution;settles;through;works"
"item_da8a75bc2800470e","The attempt works through user wanted calories and considers burned mountain biking, then examines register trailblazer challenge and settles acceptable calorie calculation to reach a resolution.","attempt;considers;examines;reach;resolution;settles;through;works"
"item_cf6a3fc82ef781c6","The attempt works through user wants current and considers price apple stock, then examines check available tools and settles provided include get_stock_price to reach a resolution.","attempt;considers;examines;reach;resolution;settles;through;works"
"item_4f93324f1508456f","The attempt works through usrbinenv python3 copyright and considers facebook inc affiliates, then examines source code licensed and settles under mit license to reach a resolution.","attempt;considers;examines;reach;resolution;settles;through;works"
"item_300e1a03b39d8c91","The attempt works through user asking motivational and considers quotes inspire team, then examines during business project and settles get_all_motivational_quotes tool allows to reach a resolution.","attempt;considers;examines;reach;resolution;settles;through;works"
"item_a391e56fb66bbf68","The attempt works through circle centered radius and considers sqrt625 second sqrt49, then examines find shortest distance and settles between circles draw to reach a resolution.","attempt;considers;examines;reach;resolution;settles;through;works"
"item_0e75fbae5f7aa57a","The attempt works through user asked suggestions and considers space exploration movies, then examines returned single movie and settles couple response search_movies to reach a resolution.","attempt;considers;examines;reach;resolution;settles;through;works"
"item_448f2a6a755ec1e6","The attempt works through user requested another and considers motivation quote success, then examines tool returned charles and settles kingsleigh only achieve to reach a resolution.","attempt;considers;examines;reach;resolution;settles;through;works"
"item_1f6edcd62f78ec41","The attempt works through choices seats alice and considers sit once seated, then examines left bob since and settles either seat immediately to reach a resolution.","attempt;considers;examines;reach;resolution;settles;through;works"
"item_2ccd773489f7a20f","The attempt works through user wants retrieve and considers stocks macd crossover, then examines down signals third and settles fourth fifth pages to reach a resolution.","attempt;considers;examines;reach;resolution;settles;through;works"
"item_caa4a8e664b708d4","The attempt works through user asked question and considers nature moral questions, then examines specifically seeking common and settles metaethics retrieved include to reach a resolution.","attempt;considers;examines;reach;resolution;settles;through;works"
"item_acbcab3e1a054308","The attempt works through claire cupcakes 5x3 and considers 7y4 integers equating, then examines forms 7y15x n60 and settles write sufficiently small to reach a resolution.","attempt;considers;examines;reach;resolution;settles;through;works"
"item_be589fa8f2f144cc","The attempt works through function results show and considers user moderate risk, then examines bmi 258 classified and settles overweight recommendations include to reach a resolution.","attempt;considers;examines;reach;resolution;settles;through;works"
"item_4f6c49e979681bd3","The attempt works through fourdigit multiple 1002 and considers 3times 334 last, then examines 9999 3333 inclusive and settles 33333341 3000 positive to reach a resolution.","attempt;considers;examines;reach;resolution;settles;through;works"
"item_cf0fc19f0a8ff1f6","The attempt works through lets break down and considers user needs three, then examines main things done and settles update inventory summary to reach a resolution.","attempt;considers;examines;reach;resolution;settles;through;works"
"item_8ad36c1d8fc6aa64","The attempt works through user asking number and considers posts associated hashtag, then examines travel across social and settles media platforms hmm to reach a resolution.","attempt;considers;examines;reach;resolution;settles;through;works"
"item_e54467f1f818bc75","The attempt works through scan_environment tool called and considers response shows obstacles, then examines since route clear and settles next step command to reach a resolution.","attempt;considers;examines;reach;resolution;settles;through;works"
"item_d8de07cb47262ec1","The attempt works through tool response dark and considers knight includes director, then examines christopher nolan isnt and settles surprising since hes to reach a resolution.","attempt;considers;examines;reach;resolution;settles;through;works"
"item_6da51193a157e80a","The attempt works through user requested translation and considers learn spanish quickly, then examines provided wanted proficiency and settles level determined beginner to reach a resolution.","attempt;considers;examines;reach;resolution;settles;through;works"
"item_78d65e11527a5cdc","The attempt works through user wants three and considers random numbers different, then examines ranges lets between and settles 100 200 1000 to reach a resolution.","attempt;considers;examines;reach;resolution;settles;through;works"
"item_679d5755d0555724","The attempt works through user wants motivational and considers quotes team get_all_motivational_quotes, then examines tool check parameters and settles default sufficient since to reach a resolution.","attempt;considers;examines;reach;resolution;settles;through;works"
"item_214642242b7bcc9f","The attempt works through user requesting motivational and considers quotes inspire his, then examines team during business and settles project fetch best to reach a resolution.","attempt;considers;examines;reach;resolution;settles;through;works"
"item_d808c49eaf6762b0","The attempt works through find number easy and considers questions solved algorithmmaster, then examines geteasyquestion function takes and settles username argument call to reach a resolution.","attempt;considers;examines;reach;resolution;settles;through;works"
"item_db967dfd5d6a4a62","The attempt works through since arc 60circ and considers angle cad 60circ2, then examines 30circ triangle aoc and settles isosceles oca oac to reach a resolution.","attempt;considers;examines;reach;resolution;settles;through;works"
"item_ccf95e88be22cf8c","The attempt works through user asked recipes and considers beef potatoes same, then examines search_recipes tool again and settles keywords updated max_results to reach a resolution.","attempt;considers;examines;reach;resolution;settles;through;works"
"item_fa98be1ce4024d18","The attempt works through lets break down and considers users request surgical, then examines nursing details patient and settles 12345 cardiac bypass to reach a resolution.","attempt;considers;examines;reach;resolution;settles;through;works"
"item_baa06d941727187e","The attempt works through yans walking speed and considers distances yan his, then examines home stadium respectively and settles time required walk to reach a resolution.","attempt;considers;examines;reach;resolution;settles;through;works"
"item_c173e2ce4e0e34be","The attempt works through user asked details and considers linkedin company page, then examines extract tool returned and settles abc corporation information to reach a resolution.","attempt;considers;examines;reach;resolution;settles;through;works"
"item_6de156112d3b532f","The attempt works through distance formula sqrt552 and considers sqrt100 100 boxed10sqrt2, then examines note points form and settles isosceles right triangle to reach a resolution.","attempt;considers;examines;reach;resolution;settles;through;works"
"item_0da2d61c73d359d3","The attempt works through lets break down and considers user wants check, then examines status draas service and settles draas12345 inactive create to reach a resolution.","attempt;considers;examines;reach;resolution;settles;through;works"
"item_b427c13376155acc","The attempt works through tool provided details and considers godfather including year, then examines 1972 director francis and settles ford coppola genres to reach a resolution.","attempt;considers;examines;reach;resolution;settles;through;works"
"item_cbc975eb32bae94f","The attempt works through user wants compare and considers nonprofits food4all sheltertogether, then examines based impact 2025 and settles endofyear report after to reach a resolution.","attempt;considers;examines;reach;resolution;settles;works"
"item_6a6089ba740fccbd","The attempt works through user wants convert and considers another date 15072022, then examines ddmmyyyy yyyymmdd same and settles format_date function again to reach a resolution.","attempt;considers;examines;reach;resolution;settles;through;works"
"item_c10541b903226452","The attempt works through user wants extract and considers details linkedin company, then examines page provided url and settles httpswwwlinkedincomcompanyabccorporation best check to reach a resolution.","attempt;considers;examines;reach;resolution;settles;through;works"
"item_9ec6e9652cab77ea","The attempt works through class catchoutputobject def and considers __init__self text self__out, then examines self__text writeself raise and settles exception return self__outwritetext to reach a resolution.","attempt;considers;examines;reach;resolution;settles;through;works"
"item_785f8edaadfd5385","The attempt works through user wants geolocation and considers information address 8888, then examines check available tools and settles listed include ip_geolocation to reach a resolution.","attempt;considers;examines;reach;resolution;settles;through;works"
"item_16f0ccd367330fd0","The attempt works through information retrieval internal and considers knowledge work home, then examines allowance spain isnt and settles specific fixed monetary to reach a resolution.","attempt;considers;examines;reach;resolution;settles;through;works"
"item_792492bdf0fe8a6b","The attempt works through graph original parabola and considers final image after, then examines rotation translation shown and settles below asy label to reach a resolution.","attempt;considers;examines;reach;resolution;settles;through;works"
"item_edd8643527dc4905","The attempt works through frac1 t21 frac2t1 and considers beginalign left right2, then examines 2t2 t41 frac4t21 and settles endalignthus plotted points to reach a resolution.","attempt;considers;examines;reach;resolution;settles;through;works"
"item_2a48af011cffc5da","The attempt works through alright user wants and considers convert 1000 usd, then examines euros lets approach and settles available tools include to reach a resolution.","attempt;considers;examines;reach;resolution;settles;through;works"
"item_ed58379c0a191fce","The attempt works through coding utf8 __future__ and considers import unicode_literals djangodb, then examines models migrations image_croppingfields and settles class migrationmigrationsmigration dependencies to reach a resolution.","attempt;considers;examines;reach;resolution;settles;through;works"
"item_045aecaa2edb60c9","The attempt works through user wants random and considers trivia questions game, then examines night get_random_20_questions tool and settles retrieve sufficient check to reach a resolution.","attempt;considers;examines;reach;resolution;settles;through;works"
"item_82cb8bb0290b5b5b","The attempt works through coding utf8 part and considers odoo license file, then examines full copyright licensing and settles details name odoobot to reach a resolution.","attempt;considers;examines;reach;resolution;settles;through;works"
"item_123176f7a21299ed","The attempt works through user wants books and considers george martin tool, then examines returned three game and settles thrones clash kings to reach a resolution.","attempt;considers;examines;reach;resolution;settles;through;works"
"item_96665980c8569097","The attempt works through tool response returned and considers three elementary schools, then examines austin ratings review and settles counts present information to reach a resolution.","attempt;considers;examines;reach;resolution;settles;through;works"
"item_c647e16f3926df9c","The attempt works through user wants check and considers sensor data robot, then examines any errors start and settles calling get_robot_sensors tool to reach a resolution.","attempt;considers;examines;reach;resolution;settles;through;works"
"item_fa04c327e61b61f1","The attempt works through alright user wants and considers check things retrieve, then examines sensor data robot and settles second any errors to reach a resolution.","attempt;considers;examines;reach;resolution;settles;through;works"
"item_b3dee413fa69e490","The attempt works through user wants motivational and considers quotes tool returned, then examines authors present easy and settles read copy maybe to reach a resolution.","attempt;considers;examines;reach;resolution;settles;through;works"
"item_585bce9da48a119d","The attempt works through check commercial building and considers design meets australian, then examines codes user provided and settles specification document step to reach a resolution.","attempt;considers;examines;reach;resolution;settles;through;works"
"item_1b11c0f9bc481d22","The attempt works through user wants stock and considers price microsoft nasdaq, then examines after getting apples and settles same get_stock_price tool to reach a resolution.","attempt;considers;examines;reach;resolution;settles;through;works"
"item_ba3111e0c06408f7","The attempt works through angle bac angles and considers bcd cbd intercept, then examines same circular arc and settles minor measure since to reach a resolution.","attempt;considers;examines;reach;resolution;settles;through;works"
"item_07da76a4558bf3e1","The attempt works through given equation fractan and considers 100circtan 50circ tan, then examines xthen fracsin 100circ and settles cos 50circcos sin to reach a resolution.","attempt;considers;examines;reach;resolution;settles;through;works"
"item_2767c2716ca1960f","The attempt works through user wants retrieve and considers medium size photos, then examines hotels check available and settles tools theres hotel_photos to reach a resolution.","attempt;considers;examines;reach;resolution;settles;through;works"
"item_de2f62ae15fe03ae","The attempt works through result extract tool and considers provided company details, then examines requested user summary and settles key information structure to reach a resolution.","attempt;considers;examines;reach;resolution;settles;through;works"
"item_eac6ad445b841fad","The attempt works through user wants current and considers stock price amazoncom, then examines inc indian market and settles available tools stock_get_stock_price to reach a resolution.","attempt;considers;examines;reach;resolution;settles;through;works"
"item_37581ceb631b81bb","The attempt works through break down users and considers request step three, then examines main actions done and settles parallel reporting outage to reach a resolution.","attempt;considers;examines;reach;resolution;settles;through;works"
"item_1915fe861a597db0","The attempt works through recall fracab means and considers same div applying, then examines rule b611 frac3frac611 and settles 3div frac611 remember to reach a resolution.","attempt;considers;examines;reach;resolution;settles;through;works"
"item_a93f5a36568cce54","The attempt works through user wants motivational and considers quotes inspire team, then examines get_all_motivational_quotes tool called and settles returned list four to reach a resolution.","attempt;considers;examines;reach;resolution;settles;through;works"
"item_ceff0f54d9a951c6","The attempt works through e_1 expected winnings and considers heartsuit diamondsuit drawn, then examines since probability any and settles particular rank same to reach a resolution.","attempt;considers;examines;reach;resolution;settles;through;works"
"item_b71174c5771ea4c1","The attempt works through understand goal objective and considers find possible pairs, then examines representing number horizontal and settles times vertical dominoes to reach a resolution.","attempt;considers;examines;reach;resolution;settles;through;works"
"item_e692400dd130e2a0","The attempt works through long division beginarraycccccc and considers multicolumn2ry3 frac23y2 frac119yfrac9527, then examines cline26 3y2 3y4 and settles 4y3 5y213y4 multicolumn2r3y4 to reach a resolution.","attempt;considers;examines;reach;resolution;settles;through;works"
"item_e2d991e4c7232036","The attempt works through user provided linkedin and considers url company extracted, then examines quotes tool returned and settles few motivational key to reach a resolution.","attempt;considers;examines;reach;resolution;settles;through;works"
"item_2f4f9eb288945514","The attempt works through rational root theorem and considers any must checking, then examines find none values and settles roots factorization quadratics to reach a resolution.","attempt;considers;examines;reach;resolution;settles;through;works"
"item_2a4782a901e985cd","The attempt works through users query asking and considers temperature paris provided, then examines tools include weather and settles api tool fetch to reach a resolution.","attempt;considers;examines;reach;resolution;settles;through;works"
"item_02644d1f7c535cf4","The attempt works through user asking list and considers elementary schools austin, then examines texas wants details and settles including ratings reviews to reach a resolution.","attempt;considers;examines;reach;resolution;settles;through;works"
"item_ba0acbc78f6ecb74","The attempt works through user wants stopwords and considers italian themedical category, then examines response function includes and settles list language summary to reach a resolution.","attempt;considers;examines;reach;resolution;settles;through;works"
"item_bd7fa8a49e205357","The attempt works through user wants extract and considers details linkedin company, then examines page function provided and settles called parameter url to reach a resolution.","attempt;considers;examines;reach;resolution;settles;through;works"
"item_330ba62c4b4399cf","The attempt works through roots vietas formulas and considers both odd even, then examines must means other and settles therefore cdot 122 to reach a resolution.","attempt;considers;examines;reach;resolution;settles;through;works"
"item_58dbf2301b8edb29","The attempt works through user requested list and considers elementary schools austin, then examines details ratings reviews and settles realtor_school_list tool parameters to reach a resolution.","attempt;considers;examines;reach;resolution;settles;through;works"
"item_5a45745f20b7270e","The attempt works through user wants list and considers elementary schools austin, then examines texas ratings reviews and settles realtor_school_list tool seems to reach a resolution.","attempt;considers;examines;reach;resolution;settles;through;works"
"item_8ee8c8fcfd6fb0d6","The attempt works through def lwarning descrdefault and considers argument value mutablewarning, then examines lappenda return mutablelistwarning and settles mutablesetwarning mutabledictwarning mutable1 to reach a resolution.","attempt;considers;examines;reach;resolution;settles;through;works"
"item_1ef5d2b18ab4d44d","The attempt works through response get_robot_sensors sensor and considers data temperature high, then examines voltage normal suggests and settles theres reading indicate to reach a resolution.","attempt;considers;examines;reach;resolution;settles;through;works"
"item_f2a18d1d18b6b5d2","The attempt works through djangocoreurlresolvers import reverse and considers djangodb models gamesoupgamesmodels, then examines class matchmodelsmodel game and settles modelsforeignkeygame state modelstextfieldblanktrue to reach a resolution.","attempt;considers;examines;reach;resolution;settles;through;works"
"item_42bddd3316df5ae0","The attempt works through given expression part and considers factorization since write, then examines x3y x2y2 xy3 and settles fracxyx4 y4xy fracx5y5xyplugging to reach a resolution.","attempt;considers;examines;reach;resolution;settles;through;works"
"item_36d33d02ce1ad665","The attempt works through user provided vat and considers number fr987654321 check_1_param, then examines function verify validity and settles response indicates invalid to reach a resolution.","attempt;considers;examines;reach;resolution;settles;through;works"
"item_0700b9874be229ca","The attempt works through user wants fetch and considers discography overview artist, then examines 06hl4z0cvfaxyc27gxpf02 find many and settles albums released check to reach a resolution.","attempt;considers;examines;reach;resolution;settles;through;works"
"item_dee6a34eb21cdf2f","The attempt works through user asked comparing and considers organs bone structures, then examines between lion tiger and settles tool get_organ_comparison gave to reach a resolution.","attempt;considers;examines;reach;resolution;settles;through;works"
"item_292a4189e1cd527d","The attempt works through write fracx2 7sqrtx2 and considers 4sqrtx2 3sqrtx2 frac4sqrtx2, then examines sqrtx2 3by amgm and settles sqrtsqrtx2 cdot 4equality to reach a resolution.","attempt;considers;examines;reach;resolution;settles;through;works"
"item_a94c8851f5c998f2","The attempt works through user provided three and considers location queries lets, then examines process 3405221182437 coordinates and settles match los angeles to reach a resolution.","attempt;considers;examines;reach;resolution;settles;through;works"
"item_93a6e0ceff98d082","The attempt works through user provided list and considers files details through, then examines search_files_by_extension tool results and settles include paths sizes to reach a resolution.","attempt;considers;examines;reach;resolution;settles;works"
"item_035a9bea7a0b92c8","The attempt works through user asked moral and considers nihilism true wants, then examines common metaethics questions and settles false response according to reach a resolution.","attempt;considers;examines;reach;resolution;settles;through;works"
"item_18cc05cc70798df0","The attempt works through alright user wants and considers 100 articles nasa, then examines climate source any and settles guardian check available to reach a resolution.","attempt;considers;examines;reach;resolution;settles;through;works"
"item_92d65d6e7ce296cb","The attempt works through user provided input and considers 1000 gbp convert, then examines usd called convert_currency and settles function correct parameters to reach a resolution.","attempt;considers;examines;reach;resolution;settles;through;works"
"item_def8e41a59c3363d","The attempt works through user wants detect and considers language phrase suis, then examines heureux recall functions and settles available tools mentioned to reach a resolution.","attempt;considers;examines;reach;resolution;settles;through;works"
"item_b26ecc31b79c963d","The attempt works through user asking attribute_overviews and considers function attribute overviews, then examines player approach check and settles available looking provided to reach a resolution.","attempt;considers;examines;reach;resolution;settles;through;works"
"item_567db416a6d3c109","The attempt works through since angle rip and considers inscribed arc measure, then examines 2angle 72circ therefore and settles frac72360 frac15 circumference to reach a resolution.","attempt;considers;examines;reach;resolution;settles;through;works"
"item_98e82500fbf79a25","The attempt works through center hyperbola distance and considers between vertex focus, then examines sqrt3 therefore boxed3 and settles  to reach a resolution.","attempt;considers;examines;reach;resolution;settles;through;works"
"item_009c4f403771e6f7","The attempt works through user asking list and considers elementary schools austin, then examines texas ratings reviews and settles available tool realtor_school_list to reach a resolution.","attempt;considers;examines;reach;resolution;settles;through;works"
"item_9db9b047f15dceba","The attempt works through user provided linkedin and considers url company abc, then examines corporation tool able and settles extract basic info to reach a resolution.","attempt;considers;examines;reach;resolution;settles;through;works"
"item_44a12121ffba7951","The attempt works through directory snapshot returned and considers users next step, then examines rename files matching and settles project_d_drafttxt final_project_1txt check to reach a resolution.","attempt;considers;examines;reach;resolution;settles;through;works"
"item_065c852166f8f48f","The attempt works through translation tool provided and considers spanish phrase quiero, then examines aprender español rápidamente and settles learn quickly since to reach a resolution.","attempt;considers;examines;reach;resolution;settles;through;works"
"item_c8f40b57cd502efe","The attempt works through prime given consecutive and considers perfect squares differ, then examines n7n411 writing few and settles hence n425 n736 to reach a resolution.","attempt;considers;examines;reach;resolution;settles;through;works"
"item_16ba47b6221ede4f","The attempt works through since engagement level and considers sydney high proceed, then examines send feedback users and settles details name jane to reach a resolution.","attempt;considers;examines;reach;resolution;settles;through;works"
"item_213f2555ce16fb8d","The attempt works through user wants code_128a and considers barcode data 987654321, then examines size check available and settles tools download function to reach a resolution.","attempt;considers;examines;reach;resolution;settles;through;works"
"item_54b4145ee2135b88","The attempt works through user wants extract and considers details linkedin company, then examines page provided url and settles abccorporation tool response to reach a resolution.","attempt;considers;examines;reach;resolution;settles;through;works"
"item_bd038a84064dd3e3","The attempt works through user requested list and considers elementary schools austin, then examines including ratings reviews and settles api response returned to reach a resolution.","attempt;considers;examines;reach;resolution;settles;through;works"
"item_6b8b0ac164a77b36","The attempt works through user asking similar and considers recipes specific 12345, then examines approach checking available and settles tools feeds_list_similarities tool to reach a resolution.","attempt;considers;examines;reach;resolution;settles;through;works"
"item_bc37377bc08d48b3","The attempt works through funkybomb import template and considers text applicationutil route, then examines templates documentation templatesutil and settles routedocsintegrations templatedocumentationtmpl async to reach a resolution.","attempt;considers;examines;reach;resolution;settles;through;works"
"item_7683727debf82dfe","The attempt works through represent integer means and considers five consecutive integers, then examines a1cdotsa4 sum equal and settles solve beginalign aa1a2a3a45quadrightarrow to reach a resolution.","attempt;considers;examines;reach;resolution;settles;through;works"
"item_4c85410a0b2fc57b","The attempt works through user wants detailed and considers information property code, then examines 123456 properties_detail tool and settles available appropriate request to reach a resolution.","attempt;considers;examines;reach;resolution;settles;through;works"
"item_20495c694fb6bf7e","The attempt works through cost per square and considers inch gold paint, then examines cubic concrete since and settles cube surface area to reach a resolution.","attempt;considers;examines;reach;resolution;settles;through;works"
"item_e94905d4a995067f","The attempt works through user wants retrieve and considers paypal transaction history, then examines current balance account and settles user12345 dates february to reach a resolution.","attempt;considers;examines;reach;resolution;settles;through;works"
"item_b3a6d4a881e656d2","The attempt works through assistant provided conversion and considers 1000 usd eur, then examines 85000 euros give and settles helpful response confirm to reach a resolution.","attempt;considers;examines;reach;resolution;settles;through;works"
"item_4a74f9c337ff8eba","The attempt works through user wants factorial and considers tools provided include, then examines function call twice and settles once results tool to reach a resolution.","attempt;considers;examines;reach;resolution;settles;through;works"
"item_6d3afcae0ced1585","The attempt works through user wants create and considers twitter post message, then examines happy holidays team and settles including hashtags holidayseason to reach a resolution.","attempt;considers;examines;reach;resolution;settles;through;works"
"item_0d0875f7d58390bd","The attempt works through user wants top and considers search results formachine, then examines learning limited past and settles hours check tools to reach a resolution.","attempt;considers;examines;reach;resolution;settles;through;works"
"item_b92d9e9a9b282f6b","The attempt works through assistant provided clear and considers summary sensor data, then examines indicates overheating issue and settles error logs confirm to reach a resolution.","attempt;considers;examines;reach;resolution;settles;through;works"
"item_dd6427d7dc445f9a","The attempt works through number 1times1 squares and considers diagram 2n1 2times, then examines sqrt2 times solving and settles 2n1n2n270 find nboxed19 to reach a resolution.","attempt;considers;examines;reach;resolution;settles;through;works"
"item_3a087aac124d33a5","The attempt works through user needs realtime and considers energy consumption data, then examines companys building springfield and settles april 5th specified to reach a resolution.","attempt;considers;examines;reach;resolution;settles;through;works"
"item_2195839e7f4f51de","The attempt works through user asking public and considers holidays france 2023, then examines result get_holidays_by_year function and settles contains list year to reach a resolution.","attempt;considers;examines;reach;resolution;settles;through;works"
"item_446399e37fb889a8","The attempt works through since coefficients polynomial and considers real four nonreal, then examines roots must conjugate and settles pairs multiply 13i to reach a resolution.","attempt;considers;examines;reach;resolution;settles;through;works"
"item_9a13cf59beb991ae","The attempt works through codingutf8 copyright 2017 and considers mooncake rights reserved, then examines brief author eric and settles yue himoonlightgmailcom version to reach a resolution.","attempt;considers;examines;reach;resolution;settles;through;works"
"item_3788623e21ea1e78","The attempt works through analyze problem find and considers minimum distance between, then examines curves lnx graphs and settles functions reflections other to reach a resolution.","attempt;considers;examines;reach;resolution;settles;through;works"
"item_23c42e5148e2dca7","The attempt works through user wants calculate and considers volume cylinder radius, then examines height figure right and settles function looking available to reach a resolution.","attempt;considers;examines;reach;resolution;settles;through;works"
"item_4f0a7b85fadb271f","The attempt works through user wants extract and considers details linkedin company, then examines page remember theres and settles tool called check to reach a resolution.","attempt;considers;examines;reach;resolution;settles;through;works"
"item_f5b05c527b6668da","The attempt works through sixth term exactly and considers halfway between fourth, then examines eighth arithmetic sequence and settles average terms therefore to reach a resolution.","attempt;considers;examines;reach;resolution;settles;through;works"
"item_ebc0be025ae723c2","The attempt works through try break down and considers users request step, then examines robotic manipulator rm2045 and settles upgrade precision mentioned to reach a resolution.","attempt;considers;examines;reach;resolution;settles;through;works"
"item_44ce8a93e3c85cf3","The attempt works through user requested stocks and considers showing bullish engulfing, then examines pattern page similar and settles previous query bullish_engulfing to reach a resolution.","attempt;considers;examines;reach;resolution;settles;through;works"
"item_d4a4e72eadc550ef","The attempt works through user didnt actually and considers ask calculation asked, then examines weather forecast available and settles tools include tool to reach a resolution.","attempt;considers;examines;reach;resolution;settles;through;works"
"item_46a61867e6c74e75","The attempt works through draw asy unitsize3 and considers pair reflectdhg reflectdhf, then examines reflectdhe drawabcdcycle drawdefgcycle and settles drawdhdashed labela labelb to reach a resolution.","attempt;considers;examines;reach;resolution;settles;through;works"
"item_7c7e2be562d4429c","The attempt works through python distutilscore import and considers setup name zplot, then examines packages version 141 and settles description simple graphcreation to reach a resolution.","attempt;considers;examines;reach;resolution;settles;through;works"
"item_ffc205416307a899","The attempt works through 2416 possible outcomes and considers since coins land, then examines different ways heads and settles tails possibilities dime to reach a resolution.","attempt;considers;examines;reach;resolution;settles;through;works"
"item_2e05d1917f80aa5c","The attempt works through def cavityln xrange1n1 and considers li1jx lij1x lijli1j, then examines lijlij1 lijx __name__ and settles __main__ input xrangen to reach a resolution.","attempt;considers;examines;reach;resolution;settles;through;works"
"item_6ce9a916a31da852","The attempt works through user wants check and considers theres majority element, then examines list appears times and settles length recall function to reach a resolution.","attempt;considers;examines;reach;resolution;settles;through;works"
"item_1778686d01bef849","The attempt works through pythonpackaging synbiomts copyright and considers 2017 alexander reis, then examines howard salis rights and settles reserved setuptools import to reach a resolution.","attempt;considers;examines;reach;resolution;settles;through;works"
"item_7dada7bece057341","The attempt works through user wants convert and considers 1000 euros back, then examines usd convert_currency function and settles again different parameters to reach a resolution.","attempt;considers;examines;reach;resolution;settles;through;works"
"item_91dbf506df7d7b54","The attempt works through lets through users and considers request list files, then examines specified directory file and settles renamed appending todays to reach a resolution.","attempt;considers;examines;reach;resolution;settles;works"
"item_1c18a9c997bd3405","The attempt works through coding utf8 import and considers system_tests class testfuzzedpocmetaclasssystem_testscasemeta, then examines url httpsgithubcomexiv2exiv2issues210 httpsgithubcomexiv2exiv2issues209 and settles filename system_testspathdata_path20180109exiv2crash002tiff commands to reach a resolution.","attempt;considers;examines;reach;resolution;settles;through;works"
"item_da7a2f63ca6d0a79","The attempt works through start multiplying both and considers sides congruence evaluating, then examines modulo 997 beginalign and settles 10cdot 100x equiv to reach a resolution.","attempt;considers;examines;reach;resolution;settles;through;works"
"item_eb6ab204b02632cb","The attempt works through user wants send and considers feedback service request, then examines sydney australia before and settles sending check citizen to reach a resolution.","attempt;considers;examines;reach;resolution;settles;through;works"
"item_f7613d66c6d85b15","The attempt works through user wants languages and considers commonly spoken brazil, then examines find get_languages_for_country tool and settles function takes country to reach a resolution.","attempt;considers;examines;reach;resolution;settles;through;works"
"item_281d3e8b9282e0ae","The attempt works through user wants natural and considers logarithm opening prices, then examines gbpusd forex pair and settles last hours hourly to reach a resolution.","attempt;considers;examines;reach;resolution;settles;through;works"
"item_5f0d1a617c6c9590","The attempt works through user asking motivational and considers quotes inspire team, then examines during business project and settles get_all_motivational_quotes tool fetch to reach a resolution.","attempt;considers;examines;reach;resolution;settles;through;works"
"item_372412bbb365fed7","The attempt works through alright user wants and considers latest news headlines, then examines united states lets and settles available tools provided to reach a resolution.","attempt;considers;examines;reach;resolution;settles;through;works"
"item_34b6b2392cf74e64","The attempt works through coding utf8 generated and considers django 1104 20170921, then examines 0022 __future__ import and settles unicode_literals djangodb migrations to reach a resolution.","attempt;considers;examines;reach;resolution;settles;through;works"
"item_2989c93db8a7c560","The attempt works through user provided scenario and considers calculating quarterly dividend, then examines per share different and settles values annual 200000 to reach a resolution.","attempt;considers;examines;reach;resolution;settles;through;works"
"item_17305cd96c06fcac","The attempt works through expression simply stick and considers answer however gfx, then examines figure put resulting and settles output find g25 to reach a resolution.","attempt;considers;examines;reach;resolution;settles;through;works"
"item_bba52354b96b8370","The attempt works through lets user wants and considers classify customer reviews, then examines json file four and settles financial categories mortgages to reach a resolution.","attempt;considers;examines;reach;resolution;settles;through;works"
"item_5ce54e9859b8adda","The attempt works through user provided linkedin and considers url abc corporation, then examines received detailed extraction and settles including company name to reach a resolution.","attempt;considers;examines;reach;resolution;settles;through;works"
"item_b01b9d9e48f8665c","The attempt works through user provided python and considers code snippet wants, then examines run through interpreter and settles task execute return to reach a resolution.","attempt;considers;examines;reach;resolution;settles;works"
"item_fb50afb6efdf4f48","The attempt works through user wants recipe and considers chicken various spices, then examines approach check any and settles available tools listed to reach a resolution.","attempt;considers;examines;reach;resolution;settles;through;works"
"item_1c20a3c4f6b145ce","The attempt works through alright user wants and considers fetch image soccer, then examines team 1234 check and settles available tools help to reach a resolution.","attempt;considers;examines;reach;resolution;settles;through;works"
"item_a497820b2c5d7da0","The attempt works through user requested list and considers elementary schools austin, then examines ratings reviews response and settles api includes three to reach a resolution.","attempt;considers;examines;reach;resolution;settles;through;works"
"item_be02fd9bacddb140","The attempt works through user wants motivational and considers quotes call get_all_motivational_quotes, then examines function allows pagination and settles specify skip limit to reach a resolution.","attempt;considers;examines;reach;resolution;settles;through;works"
"item_13967642fbf7db7b","The attempt works through lets user wants and considers verify roles domain, then examines check sms messages and settles phone number info to reach a resolution.","attempt;considers;examines;reach;resolution;settles;through;works"
"item_b1d3b821fb4ba4cf","The attempt works through user asking motivational and considers quotes inspire team, then examines during business project and settles available tools include to reach a resolution.","attempt;considers;examines;reach;resolution;settles;through;works"
"item_ae2dcafca2b23012","The attempt works through user requested motivational and considers quotes team get_all_motivational_quotes, then examines tool fetch list and settles response includes notable to reach a resolution.","attempt;considers;examines;reach;resolution;settles;through;works"
"item_79170787d4969f8c","The attempt works through user looking list and considers elementary schools austin, then examines texas details ratings and settles reviews realtor_school_list function to reach a resolution.","attempt;considers;examines;reach;resolution;settles;through;works"
"item_7d1e34d6c9edf5c4","The attempt works through user looking latest and considers trends genres help, then examines get_genres tool function and settles retrieves genre ids to reach a resolution.","attempt;considers;examines;reach;resolution;settles;through;works"
"item_b5de7f00e74aa613","The attempt works through law sines fracabsin and considers fracacsin bso sin, then examines fracab bac frac150 and settles 30circ50 sqrt3 fracsqrt32hence to reach a resolution.","attempt;considers;examines;reach;resolution;settles;through;works"
"item_7d22c6ece4d7fcf3","The attempt works through alright lets tackle and considers problem step user, then examines wants things number and settles permutations choosing items to reach a resolution.","attempt;considers;examines;reach;resolution;settles;through;works"
"item_d1e690cea070c085","The attempt works through toolrealtor_school_list provided three and considers elementary schools austin, then examines ratings review counts and settles response includes details to reach a resolution.","attempt;considers;examines;reach;resolution;settles;through;works"
"item_842db13f907127dd","The attempt works through overview settings customized and considers djangoconf import parler, then examines appsettings parler_appsettings fluent_contents_cache_output and settles getattrsettings true fluent_contents_placeholder_config to reach a resolution.","attempt;considers;examines;reach;resolution;settles;through;works"
"item_e4fd924168e59054","The attempt works through tool response joy and considers contains emoji unicode, then examines description category aliases and settles tags present clear to reach a resolution.","attempt;considers;examines;reach;resolution;settles;through;works"
"item_34e7c39de4ec59dc","The attempt works through sentiment analysis review and considers food delicious wait, then examines time too long and settles staff unhelpful shows to reach a resolution.","attempt;considers;examines;reach;resolution;settles;through;works"
"item_6c444b0829adb7e3","The attempt works through user requesting ligue and considers standings 2022 season, then examines similar previous query and settles ligue_1_standings function time to reach a resolution.","attempt;considers;examines;reach;resolution;settles;through;works"
"item_13a07f3a2c5454c8","The attempt works through since function adds and considers subtracts doubles halves, then examines lets compute inside and settles beginalign fg1f1f1gf5 fg1f1f1g6textadded to reach a resolution.","attempt;considers;examines;reach;resolution;settles;through;works"
"item_8451b39eb2a8b338","The attempt works through tool response dark and considers knight includes director, then examines christopher nolan genre and settles action crime drama to reach a resolution.","attempt;considers;examines;reach;resolution;settles;through;works"
"item_6e144291fff15050","The attempt works through user provided linkedin and considers url company requested, then examines extraction details extract and settles tool returned companys to reach a resolution.","attempt;considers;examines;reach;resolution;settles;through;works"
"item_81fc08633f66d62b","The attempt works through user looking current and considers trends genres mentioned, then examines indecisive due many and settles options help get_genres to reach a resolution.","attempt;considers;examines;reach;resolution;settles;through;works"
"item_36ee40c7e6df8462","The attempt works through part users request and considers complete einsteins detailed, then examines information fetch newtons and settles details compare both to reach a resolution.","attempt;considers;examines;reach;resolution;settles;through;works"
"item_c62603774f7b95f6","The attempt works through lets user asking and considers hourly forecast midlevel, then examines elevation ski resort and settles imperial units hmm to reach a resolution.","attempt;considers;examines;reach;resolution;settles;through;works"
"item_a4f62f2f759dacd4","The attempt works through user wants send and considers message attachment colleagues, then examines email address sendmessagewithattachment and settles function provided requires to reach a resolution.","attempt;considers;examines;reach;resolution;settles;through;works"
"item_b633dcaeb9e639c3","The attempt works through sensor data robot and considers shows high temperature, then examines normal voltage error and settles check revealed cooling to reach a resolution.","attempt;considers;examines;reach;resolution;settles;through;works"
"item_ff0614ced534b349","The attempt works through given information angle and considers acb abc 45circ, then examines thus abe ebd and settles dbc 15circ obtain to reach a resolution.","attempt;considers;examines;reach;resolution;settles;through;works"
"item_7f79f39f916a28b6","The attempt works through user wants subregions and considers specified region get_sub_regions, then examines tool requires parameter and settles didnt specify mistake to reach a resolution.","attempt;considers;examines;reach;resolution;settles;through;works"
"item_f6cc08c5c22edf12","The attempt works through alright user wants and considers latest sports news, then examines get_news_headlines function parameters and settles require category case to reach a resolution.","attempt;considers;examines;reach;resolution;settles;through;works"
"item_69ec2887600eae8e","The attempt works through codingutf8 copyright 2021 and considers google research authors, then examines licensed under apache and settles license version file to reach a resolution.","attempt;considers;examines;reach;resolution;settles;through;works"
"item_c5ce0c7a1b01e7ee","The attempt works through notice file autogenerated and considers modifications lost done, then examines improperly please online and settles documentation examples swgpyobject to reach a resolution.","attempt;considers;examines;reach;resolution;settles;through;works"
"item_658b5cb4d1e47802","The attempt works through user wants extract and considers information linkedin company, then examines page tool provided and settles url response includes to reach a resolution.","attempt;considers;examines;reach;resolution;settles;through;works"
"item_bba5a1bea0608081","The attempt works through user wants list and considers elementary schools austin, then examines details ratings reviews and settles available tool realtor_school_list to reach a resolution.","attempt;considers;examines;reach;resolution;settles;through;works"
"item_129384e90f5c3713","The attempt works through point unit circle and considers 240circ counterclockwise foot, then examines altitude xaxis shown and settles below asy pair to reach a resolution.","attempt;considers;examines;reach;resolution;settles;through;works"
"item_828bf5eedbb77fee","The attempt works through binom10110 ways alex and considers choose kind lunch, then examines meat put his and settles sandwich binom9236 kinds to reach a resolution.","attempt;considers;examines;reach;resolution;settles;through;works"
"item_b4e752758693696a","The attempt works through user provided string and considers aabcc requested nonrepeating, then examines character find_first_non_repeating_char function and settles called returned result to reach a resolution.","attempt;considers;examines;reach;resolution;settles;through;works"
"item_e6fb20ebb2888220","The attempt works through user wants fetch and considers trivia questions general, then examines category check available and settles tools v1_trivia function to reach a resolution.","attempt;considers;examines;reach;resolution;settles;through;works"
"item_2e6d0c8dead61d80","The attempt works through user wants calculate and considers investment return 10000, then examines years function calculate_investment_return and settles needs again parameters to reach a resolution.","attempt;considers;examines;reach;resolution;settles;through;works"
