id,predicted_restatement,introduced_terms
item_1bc661fd8c58df73,i reviewed the users request for austin elementary schools in austin tx and review counts i identified the available tool and confirmed that the available school school level and reviews i am now preparing to retrieve the school information,clear;clearly;extracted;focused;including;planning;present;processed;request;results;retrieve;reviewed;users
item_cbe5a5c8365b9bf9,i worked through the problem by identifying the sides to find the expression i identified the expression and simplified the expression to find the final value of the final value,equation;expression;final;find;product;simplified;solved;squared;sum;terms;through;value;values
item_ff31b53ef0221fc0,im reviewing the users request to call the successful file and planning to use the available file position rotation i will use the correct parameters to call the correct parameters to call the correct parameters,appropriate;before;checking;confirmed;identified;planning;preparing;request;required;reviewed;reviewing;users;verified
item_607422886df705c2,i reviewed the users request to create a branch branch and checked the available tools i checked the available tools and confirmed that the title and review counts i am now preparing to share the team,appropriate;before;cannot;checked;confirmed;identified;preparing;required;retrieve;reviewed;reviewing;users;verified
item_468115d37b883eac,i reviewed the users request to run fun and confirmed that the rearranged letters and anagrams is not provided i verified that the word pairs and confirmed that beyond the result is missing i concluded that beyond the result,confirmed;confirming;considered;determined;final;identified;request;results;reviewed;through;users;value;verified
item_bb243bdcccf50f08,i reviewed the users request for two palindrome and identified the plan to remove a palindrome function i verified that the second version and confirmed that the second version is required i am now preparing to ensure the results,confirmed;considered;examined;final;identified;request;result;reviewed;reviewing;through;users;values;verified
item_89b0aa9384456255,i reviewed the users request for two names and identified the api api i identified the api count and confirmed the probability of a high probability of cultural predictions and predictions and predictions and predictions and the probability of the probability of predictions,clear;confirmed;considered;determined;final;focused;identified;noted;reasoned;request;reviewed;total;verified
item_039df3a25b1a48ca,i reviewed the users request for the german id and identified the fetched address i identified the fetched function and prepared the users request for the users request,am;clear;confirmed;data;focused;identified;planning;processed;results;retrieve;returned;reviewed;verified
item_5b2c429a36a05ec8,i worked through the problem by defining the integers between the integers and used the odd range i identified the range and simplified the range to find the final value,determined;expression;final;find;identified;resulting;simplified;started;sum;terms;through;total;value
item_f22dab78a1aa7199,i worked through the diagram of 306090 triangles of 306090 triangles to find the 306090 triangles of 306090 triangles then i identified the 306090 triangles to find the area of 3 and computed the final answer,computed;determined;expression;final;identified;resulting;simplified;solved;terms;through;valid;value;worked
item_19515b73c17a3a9c,i reviewed the available tools and confirmed the available tools i need to fetch the available tools i checked the available tools and confirmed that i need to inform the user that i need to inform the user that the company information,appropriate;before;cannot;checked;confirmed;found;fulfill;identified;realized;required;reviewed;reviewing;users
item_c1858606b521d5ae,okay i reviewed the request and checked the available tools i checked the available tools i checked the available tools and confirmed that the available tools are not provided i need to inform the user that i need to inform the user to inform the user that the user,cannot;checked;checking;confirmed;found;fulfill;identified;realized;request;reviewed;reviewing;task;users
item_d2700dd361e03360,okay i reviewed the request and confirmed the available tools i checked the available tools i checked the available tools and confirmed that the provided tools are not provided i need to retrieve the users request,appropriate;before;checked;checking;confirmed;identified;prepared;preparing;required;retrieve;reviewed;reviewing;verified
item_bf36cda7de80789e,i reviewed the code to understand how it is a container i identified the text and confirmed that the container is missing i verified that the container is missing i concluded that the html is missing is correctly correctly correctly correctly correctly correctly,before;checked;confirmed;ensuring;examined;focusing;identified;reviewed;reviewing;structure;understand;verified;while
item_1e87018f2ec12e26,im reviewing the users request to add a new theme theme store i identified the appropriate function and confirmed the required parameters and prepared the required parameters for the required parameters i will proceed with the function call with the function call with the users request,appropriate;before;checked;confirmed;identified;planning;preparing;request;required;retrieve;reviewed;reviewing;verified
item_7bc1f57d254ec22b,i worked through the distance between the distance between the distance between the distance between the origin and the ellipse point to find the ellipse point i then used the origin to find the final answer,computed;determined;expression;final;find;resulting;simplified;solved;terms;through;valid;value;worked
item_01a56ed01daa674c,i reviewed the users request for the last power week and confirmed that the last stable system is to summarize the last requests i am now preparing to summarize the result,am;clear;confirmed;data;identified;planning;processed;request;retrieve;returned;reviewed;users;verified
item_2ab387231c1bdb27,i reviewed the users request for san francisco and identified the appropriate function i identified the appropriate function and confirmed the required parameters and prepared the required parameters for san francisco and prepared the default settings,before;checking;confirmed;correct;identified;planning;preparing;request;retrieve;reviewed;reviewing;users;verified
item_4f6017735b1f7271,i worked through the digit of the digit of 3 and digit to find the same digit i identified the same mean to find the same digit digit of 3 to find the final answer,combined;computed;count;determined;final;find;gives;identified;reasoned;reviewed;through;total;value
item_26ebc1f0854f58ce,i reviewed the script to understand how the image does not provided i focused on the image and confirmed that the image is the image is missing i verified that the image is correctly correctly correctly correctly,code;configuration;confirmed;ensuring;examined;focusing;identified;reviewed;reviewing;script;structure;understand;verified
item_3aa2628cf72931af,i reviewed the users request for motivational quotes and checked the available tool i identified the available tools and confirmed that a business quote is to ask for a business project im preparing to retrieve the team,available;checked;confirmed;considered;identified;planning;preparing;request;results;retrieve;reviewed;reviewing;users
item_cd28dac618c6a41a,i reviewed the users request for a corresponding ids and identified the appropriate tool i identified the appropriate tool and confirmed the most genres and prepared the most genres to identify the list of the list,available;clear;confirmed;data;focused;identified;planning;present;processed;request;results;reviewed;users
item_afe0438c828ed330,im planning to retrieve the distance distance between new york between chicago and chicago i will use the correct function to provide the distance or chicago and return the result,appropriate;confirmed;determined;identified;preparing;request;required;results;retrieve;reviewed;reviewing;users;verified
item_87453bbaf1d75a07,i reviewed the script to understand how it is a children i identified the file file file file file and confirmed the file file file file file file file and prepared the final answer,code;configuration;confirmed;ensuring;examined;focused;migration;model;reviewed;script;structure;understand;verified
item_bca2d0b06020ef2b,i worked through the problem by defining the origin and identified the matrix i identified the matrix and confirmed that the matrix is the matrix is the matrix is the matrix is the final value,expression;final;find;identified;result;reviewed;simplified;sum;terms;through;value;values;verified
item_7f635cf40441c1c0,i reviewed the users request for billboard hot hot 100 from 100 i checked the available tools and checked the available tools i checked the available tools and confirmed that i need to inform the user that i need to inform the user that i need to inform the billboard data,appropriate;cannot;checked;confirmed;considered;found;identified;planning;realized;retrieve;reviewed;reviewing;verified
item_01285b681ec633eb,im reviewing the request to pull information from a linkedin company page i checked the available function and confirmed that the provided url is required i will proceed with the provided url using the appropriate function call with default settings,available;confirmed;data;extraction;identified;information;preparing;pull;request;retrieve;reviewed;reviewing;settings
item_335f89721a60348e,i reviewed the script to understand how a common common common method i identified the common method and confirmed that the common method is a clear and creates a common method to ensure the final answer,before;code;configuration;confirmed;ensuring;examined;file;reviewed;reviewing;script;structure;understand;verified
item_3605898db2e8c7a6,i reviewed the users request for an energy energy energy and identified the appropriate function i identified the appropriate function and confirmed the required parameters and prepared the required parameters for the function call with the correct parameters,appropriate;before;checked;checking;confirmed;identified;planning;preparing;required;retrieve;reviewed;reviewing;verified
item_126b873fc0c778a7,i worked through the problem by defining the equations to simplify the fraction i identified the equations to simplify the equations to find the final value of the final value,expression;final;find;product;resulting;simplified;solved;started;sum;terms;through;value;worked
item_6872bfac483eb719,i reviewed the users request for whois record whois and confirmed that the tool is the domain is the domain i verified that the domain is the domain is the domain is the domain is the domain is missing,appropriate;confirmed;considered;ensuring;identified;planning;request;results;retrieve;reviewed;reviewing;users;verified
item_7f4ca738f27aed48,i reviewed the script to understand how how it is being being being being being being being being being being being being being being being being being being being i verified that the 197 and 197 to ensure the final answer,before;checked;examined;final;identified;input;logic;reviewed;reviewing;sequence;through;values;verified
item_255201ee9fd4ae72,im reviewing the users request to fighter details using the fighter function i identified the appropriate tool and confirmed the required id and prepared to call it with the raw response,appropriate;before;checked;confirmed;identified;information;planning;preparing;request;retrieve;reviewed;reviewing;users
item_3363826c6b5d97d7,i reviewed the users request for two phrase and identified the appropriate function i identified the required starting starting starting and confirmed that a palindrome function is required i am now preparing to retrieve the perfect palindrome function with the perfect palindrome,appropriate;before;confirmed;considered;determined;identified;planning;request;retrieve;reviewed;reviewing;users;verified
item_41b554be076c62e1,i worked through the circle point to find the unit circle of the triangle then i identified the xaxis and simplified the triangle to find the 306090 point of 306090 triangle to find the final answer,computed;determine;expression;final;find;identified;simplified;solved;terms;through;value;values;worked
item_87b7c00a851f9f1c,i worked through the problem by defining the formula to find the formula i identified the formula and simplified the formula to find the expression then simplified the final value,expression;final;find;product;resulting;simplified;solved;sum;terms;through;value;values;worked
item_23e4a11c3f7ff5f0,im reviewing the users request to countries code for countries code using the appropriate function i identified the required parameters and confirmed the required parameters and prepared the required parameters to call the search function with the user,appropriate;before;confirmed;correct;identified;planning;preparing;request;required;retrieve;reviewed;reviewing;users
item_6e7aba0f5a15e25a,i reviewed the script to understand how the django django django django django django django stock and dependencies i focused on the dependencies and prepared the dependencies to understand the dependencies,code;configuration;confirmed;ensuring;file;focused;migration;model;reviewed;script;structure;understand;verified
item_8dd551096dc9e938,i reviewed the users request for a new calculation and identified the appropriate function i identified the total function and confirmed that the final value is required i am now preparing the result,appropriate;confirmed;confirming;correct;ensuring;identified;planning;request;required;result;reviewed;reviewing;verified
item_e13040bcc2e5922c,okay i reviewed the request to fetch order order order order and checked the available function i need to fetch the user that the user can proceed with the user can proceed with the user,appropriate;checked;confirmed;correct;identified;information;planning;preparing;required;retrieve;reviewed;reviewing;users
item_3ec5d22fc8d55115,i reviewed the linkedin url and confirmed that the company name industry website headquarters founding year size and specialties i will present the company name industry website headquarters founding year size and specialties the user,available;clear;core;data;extracted;extraction;focused;founding;identified;organized;processed;request;reviewed
item_e1119d86a29983c3,im reviewing the users request to pull information for the available tool i identified the appropriate tool and confirmed the required parameters i will use the required parameters to ensure the tsla tsla tsla,appropriate;checking;confirmed;correct;identified;planning;preparing;request;required;retrieve;reviewed;reviewing;verified
item_3cf38394201032ad,i reviewed the users request for active connection and identified the device device device device device issue i identified the recommend to inform the user that the user can inform the user can inform the result,am;appropriate;confirmed;considered;identified;planning;request;results;retrieve;reviewed;reviewing;users;verified
item_4a543852cd35757e,i reviewed the users request for sports news sports news and identified the appropriate function i verified that the user that the response is their dictionaries and prepared the user that the user,clear;confirmed;data;identified;information;planning;processed;request;results;retrieve;returned;reviewed;users
item_2f632150312724ed,i reviewed the users request to paris events from paris paris fashion week i checked the available tool and confirmed that the trendsetter week is to proceed with the user can proceed with the user,am;clear;confirmed;data;focused;identified;planning;processed;request;results;retrieve;returned;reviewed
item_94b19e356d7675a1,i reviewed the request to pull information about renewable energy sources and checked the provided url i checked the available tool and confirmed that the provided url is required i am now preparing to highlight the response,checked;confirmed;considered;focused;identified;planning;request;retrieve;reviewed;reviewing;users;verified;while
item_50182dd96727272c,i reviewed the users request for the top standings for 2021 i checked the top standings shows the top standings and confirmed that the top standings and the top standings and the goal is the goal is the goal is missing,am;clear;confirmed;identified;planning;processed;request;results;retrieve;returned;reviewed;users;verified
item_eef943ef9a6376b8,im reviewing the request to pull information from a linkedin company page i checked the available tool and confirmed that the provided url is the provided url is required im preparing to call the provided url with default settings,checked;confirmed;data;extraction;identified;information;preparing;pull;request;retrieve;reviewed;reviewing;settings
item_38bb2a6ed2a110be,i reviewed the users request for a plan to inform the available tool i checked the available tool and confirmed the required parameters and prepared the required parameters for the user that the user can proceed with the user,appropriate;before;checked;checking;confirmed;identified;planning;preparing;request;retrieve;reviewed;reviewing;verified
item_67cf1870c3be3c87,im planning to retrieve food4all had food4all had a greater impact i will use the evaluation tool with the evaluation report for the evaluation report for food4all had the evaluation report,am;appropriate;confirmed;data;identified;information;planning;request;requested;results;reviewed;users;verified
item_1e3d185d7b3f8be7,okay i reviewed the request and checked the available tools i checked the available tools i checked the available tools and confirmed the provided tools are not provided i need to calculate the user that i need to calculate the user that i cannot fulfill the user that the user,cannot;checked;concluded;confirmed;considered;found;identified;realized;request;reviewed;reviewing;users;verified
item_b9bc67488af9f48c,i worked through the problem by identifying the root root root root of the root root of the root of the root of the root root of the root of the root of the roots and the final answer,examined;expression;final;find;identified;simplified;solved;sum;terms;through;value;values;worked
item_129e72b0d9b8f748,i worked through the product of the product to find the product of n then i identified the expression to find the total product of the total prime of the total of the final answer,computed;determined;expression;final;find;identified;resulting;simplified;started;sum;terms;through;value
item_c4a754eda043d37f,i reviewed the users request for abc corporation and checked the available tool i identified the available tool and decided to present the team and theodore motivational quotes i am now preparing to present the team,available;clear;core;data;extracted;focused;including;key;processed;request;results;reviewed;users
item_b874b6bd0de0ff74,i reviewed the users request for new york and identified the response i identified the new york address and confirmed the location rating and reviews i am now preparing to present the user that the user,am;confirmed;data;focused;identified;planning;processed;request;results;retrieve;returned;reviewed;users
item_fd4871eafd3747e1,im reviewing the request to pull information from a random cards from a random cards i identified the appropriate function and confirmed the required parameters and prepared the required parameters to retrieve the key cards,appropriate;checking;confirmed;correct;identified;preparing;request;required;retrieve;reviewed;reviewing;users;verified
item_1cba0f45ff5b7fae,i worked through the problem by identifying the facts using the complex number of 1 and b i then computed the equations to find the equations to find the final answer,computed;determined;final;find;identified;reasoned;resulting;simplified;solved;terms;through;value;worked
item_e3c24ecf81840341,im reviewing the request to pull information about a random random random functions i identified the appropriate function and confirmed the required parameter is the required parameter i will use the extract function with the result,appropriate;confirmed;correct;identified;planning;preparing;request;required;retrieve;reviewed;reviewing;users;verified
item_8afd1b93d1b6456f,im planning to retrieve the new random number between 200 and 300 i will use the appropriate tool with the correct parameters and then use the result to retrieve the result,appropriate;checking;confirmed;correct;identified;planning;preparing;request;requested;required;retrieve;reviewed;verified
item_a8724d073824bdea,i reviewed the draas plan to created the draas plan to retrieve the draas plan to the requested information i will present the user about the user,am;confirmed;data;focused;identified;planning;processed;request;results;retrieve;returned;reviewed;users
item_dff653431b3b9f5b,i worked through the problem by the triangle triangle circle of the hypotenuse and the hypotenuse as the circle of the circle of the units then i then used the units to find the units units,computed;determine;determined;final;find;gave;identified;reviewed;solved;through;valid;value;worked
item_c087d344d8bb2830,i worked through the number of each number of each number of its digits then i identified the divisor to find the last number of the last number of the number of the last number of the last number of the last digit,analyzed;computed;determined;final;find;gave;identified;reasoned;reviewed;through;total;valid;worked
item_5b5aeb814359edf0,im reviewing the quality quality quality analysis and planning to use the device settings i will use the device settings to confirm the result is required before proceeding with the result,appropriate;checking;confirmed;identified;planning;preparing;request;required;retrieve;reviewed;reviewing;users;verified
item_51ebcd977d334e26,im reviewing the users request to pull data for 6 over 6 i identified the available tools and identified the appropriate tool and confirmed the required parameters i need to call the currency function with the default settings,appropriate;before;checked;checking;confirmed;identified;preparing;request;required;retrieve;reviewed;reviewing;users
item_5997fa6365bc95a3,im reviewing the users request to search search for 500 laptop i checked the available tools and checked the available tools i identified the search function to convert the required parameters and prepared to convert the search function with the query,appropriate;before;checked;confirmed;identified;planning;preparing;request;required;retrieve;reviewed;reviewing;users
item_e48bd47e0e0cc672,i reviewed the users request for a monthly budget budget and checked the remaining amount i checked the remaining amount and confirmed that the remaining amount is to find the monthly 900 i verified that the user that the total amount is the total amount is missing,cannot;checked;concluded;confirmed;considered;examined;found;identified;request;reviewed;reviewing;users;verified
item_97ba4f8f260f1ced,i worked through the angle angle angle triangle and used the triangle to find the triangle triangles of 306090 triangles of cad and cad to find the final answer,computed;determined;final;find;gave;identified;reasoned;resulting;reviewed;started;through;total;value
item_d8c31d1d993d0c47,i worked through the problem by defining the green must be 1 and the remaining case i identified the remaining case and identified the remaining case to find the total number of the final answer,computed;expression;final;find;identified;simplified;solved;terms;through;valid;value;values;worked
item_254e01f5395e081c,i reviewed the script to understand how the django django django django django migration i identified the dependencies and verified the dependencies and prepared the dependencies to ensure the dependencies,code;configuration;ensuring;examined;field;file;migration;model;reviewed;script;structure;understand;verified
item_a17c61cf87b2a62b,i reviewed the users request for austin elementary schools in austin texas i identified the locations ratings and review counts i am now planning to help the user that the user that the user can help the user,available;concise;data;extracted;focused;planning;present;processed;request;results;retrieve;returned;reviewed
item_b6d142b0b029615a,i worked through the problem by defining the equation to find the divisor of x3 then i identified the equation to find the divisor of the divisor of x3 then used the equation to find the final answer,computed;expression;final;product;resulting;simplified;solved;started;sum;terms;through;value;worked
item_d76e5576be650b7e,im reviewing the request to pull information from a linkedin company page i checked the available tools and confirmed that the provided url is the extract function is required i will proceed with the extract function with the extract function with the provided url,checked;confirmed;data;extraction;identified;prepared;preparing;pull;request;retrieve;reviewed;reviewing;settings
item_1f327e4fe8b4c60b,i reviewed the users request for an 853 code and identified the required parameter i identified the required parameter and confirmed the required parameter is a clear and flight as a clear range,clear;confirmed;considered;data;focused;identified;processed;request;results;returned;reviewed;users;verified
item_3996614fc11c6f9a,im reviewing the users request to fetch active stocks in active index in 10 i identified the appropriate function and confirmed the required parameters and prepared the required parameters for the function call with the user,before;checked;confirmed;identified;planning;preparing;request;required;retrieve;reviewed;reviewing;users;verified
item_e4a671e58ac2f00a,i examined the script to understand how the altitude and used the angle triangle to find the altitude of triangle i identified the triangle and simplified the triangle to find the final answer,examined;expression;final;find;given;identified;reviewed;simplified;terms;through;value;values;verified
item_da8a75bc2800470e,i reviewed the users request for the mountain mountain mountain and confirmed that the register is the register i verified that the reasonable id is the event is complete i verified that the user that the event is complete,confirmed;confirming;considered;determined;final;identified;request;result;results;reviewed;through;users;verified
item_cf6a3fc82ef781c6,im reviewing the request to fetch stock price and confirming the available tools i identified the appropriate tool and confirmed that the required parameter is required i need to call it with the correct function with the stock price,appropriate;checked;checking;confirmed;correct;identified;preparing;request;required;retrieve;reviewed;reviewing;users
item_4f93324f1508456f,i reviewed the script to understand how it is a copyright i identified the source and confirmed that the source is the source is the source and the source is missing i focused on the final answer,configuration;confirmed;ensuring;examined;focusing;identified;logic;reviewed;reviewing;script;structure;understand;verified
item_300e1a03b39d8c91,i reviewed the users request for motivational quotes and checked the available tool i identified the available tool and confirmed that all default settings is required i am now preparing to present the team,available;clear;data;focused;information;planning;processed;request;requested;results;retrieve;reviewed;users
item_a391e56fb66bbf68,i worked through the circle centered at a circles and used the radius between the radius between 7 and the distance between the distance between the distance between the distance between the distance between the distance between the centers,computed;determined;final;gives;identified;reasoned;resulting;reviewed;started;through;total;value;verified
item_0e75fbae5f7aa57a,i reviewed the users request to space exploration using the movie suggestion i checked the movie options and confirmed the movie options and confirmed that the top popular options is the top popular and concise summary,am;checked;confirmed;considered;ensuring;identified;planning;request;results;reviewed;reviewing;users;verified
item_448f2a6a755ec1e6,i reviewed the users request for a quote about a power quote and the tool i identified the impossible success and confirmed the power of belief theme theme theme message,clear;confirmed;considered;determined;focused;identified;planning;processed;request;results;reviewed;users;verified
item_1f6edcd62f78ec41,i worked through the problem by identifying the remaining number of alice people then i identified the remaining place to find the remaining unique unique unique unique unique unique unique unique unique unique unique unique table,computed;determined;final;find;gave;identified;reasoned;resulting;reviewed;through;total;valid;worked
item_2ccd773489f7a20f,im reviewing the request to retrieve stocks macd stocks from stocks from stocks using the appropriate function i identified the required parameter and confirmed the required parameter i will proceed with the function call with the required page of results,appropriate;before;checked;checking;confirmed;identified;planning;preparing;request;required;reviewed;reviewing;users
item_caa4a8e664b708d4,i reviewed the users request for moral nature of moral metaethics metaethics questions i checked the retrieved questions and confirmed the questions to present the questions to present the questions to present the user,checked;confirmed;considered;focused;identified;noting;planning;request;results;reviewed;users;verified;while
item_acbcab3e1a054308,i worked through the problem by defining n and equating the forms to find the sum of n then i then computed the sum to find the sum of the final answer,computed;determined;expression;final;find;identified;resulting;simplified;solved;started;terms;through;value
item_be589fa8f2f144cc,i reviewed the users request to show a risk at a risk of a risk of a risk of a risk of a risk of a risk of a risk of a risk of a risk of the user,am;clear;confirmed;data;focused;identified;planning;processed;request;returned;reviewed;users;verified
item_4f6c49e979681bd3,i worked through the problem by identifying the last multiple of the last positive multiples of 3 and positive multiples of 3 to find the positive multiples of 7 i then computed the multiples of the multiples of 7,combined;computed;determined;final;find;identified;reasoned;resulting;reviewed;started;through;total;value
item_cf0fc19f0a8ff1f6,im reviewing the users request to generate three inventory data for three inventory for a update inventory and item123 i identified the update function and prepared the required parameters for each function call with the correct parameters,appropriate;before;checked;checking;confirmed;identified;planning;preparing;request;retrieve;reviewed;reviewing;users
item_8ad36c1d8fc6aa64,im reviewing the request to fetch the travel number of social social social social social platforms i checked the available tools and confirmed that the total functions is the metadata i need to retrieve the total number of the total number,appropriate;before;cannot;checked;confirmed;identified;preparing;request;required;retrieve;reviewed;reviewing;users
item_e54467f1f818bc75,i reviewed the users request for the route and confirmed that the route is the next i am now planning to grab the robot command with the robot command to grab the robot command,available;confirmed;data;ensuring;identified;information;planning;request;results;retrieve;reviewed;users;verified
item_d8de07cb47262ec1,i reviewed the dark knight and confirmed that the director genre year inception i identified the prior release year genre year and cast release release year rating and cast rating i concluded that the high overview of high overview,clear;confirmed;considered;determined;focused;identified;noted;processed;request;results;reviewed;users;verified
item_6da51193a157e80a,i reviewed the users request to learn spanish quickly quickly into spanish into spanish i identified the provided level and confirmed the provided level and confirmed the translation is to ask the translation is to ask the translation,am;checked;confirmed;considered;identified;planning;request;results;retrieve;reviewed;reviewing;users;verified
item_78d65e11527a5cdc,im reviewing the request to generate three random numbers between 10 between 10 between 200 and 100 i checked the available tools and confirmed that i need to inform the users request and found i need to inform the users request for the users request,appropriate;before;cannot;checked;concluded;confirmed;considered;found;identified;realized;reviewed;reviewing;verified
item_679d5755d0555724,im planning to retrieve motivational quotes using the available tool to retrieve motivational quotes i will use the available tool to use the default settings to retrieve the team,appropriate;available;confirmed;correct;identified;information;planning;preparing;request;requested;retrieve;reviewed;users
item_214642242b7bcc9f,i reviewed the users request for motivational quotes and identified the appropriate tool i plan to use the available tool to ask the team and decided to ask the team and decided to retrieve the team,available;considered;data;decided;identified;information;plan;planning;present;request;requested;reviewed;users
item_d808c49eaf6762b0,i reviewed the users request for easy questions and identified the appropriate function i identified the username and confirmed that the username is the username is required i am now preparing the result,appropriate;confirmed;correct;determined;identified;planning;preparing;request;required;retrieve;reviewed;users;verified
item_db967dfd5d6a4a62,i reviewed the angle angle angle angle triangle and confirmed it is a isosceles triangle i identified the angle angle angle angle angle angle triangle and isosceles triangle to find the angle angle angle angle angle angle,between;determine;examined;final;find;identified;result;reviewed;simplified;terms;through;values;verified
item_ccf95e88be22cf8c,i reviewed the users request for recipes and identified the same tool i identified the appropriate tool and confirmed the required structure and prepared the arguments to use the arguments,appropriate;confirmed;correct;ensuring;identified;planning;preparing;required;retrieve;reviewed;reviewing;users;verified
item_fa98be1ce4024d18,i reviewed the users request to surgical nursing nursing nursing bypass i checked the appropriate tool and confirmed the nurse details like evening care care care care care care care care care care care care care care care care care care care care care and nurse,am;before;checked;confirmed;considered;ensuring;identified;planning;prepared;preparing;reviewed;reviewing;verified
item_baa06d941727187e,i reviewed the walking through the speed and confirmed it is the required i identified the required and confirmed that the required and the ratio of the ratio of the ratio of the ratio of the final answer,between;confirmed;examined;final;find;identified;result;reviewed;terms;through;value;values;verified
item_c173e2ce4e0e34be,i reviewed the linkedin company information and focused on presenting the company details like industry website headquarters year size and specialties i am now preparing to provide a concise summary for a concise summary,available;core;data;extracted;focused;founding;identified;organized;present;processed;request;results;reviewed
item_6de156112d3b532f,i worked through the distance formula to find the isosceles formula to find the isosceles formula i identified the isosceles formula and computed the isosceles formula to find the final answer,computed;determined;expression;final;find;identified;reasoned;resulting;reviewed;started;through;total;value
item_0da2d61c73d359d3,im reviewing the users request to check the draas status i identified the draas plan to create their plan to create a new plan to create a new plan to create the draas plan to create the draas status,appropriate;before;confirmed;identified;planning;preparing;request;required;retrieve;reviewed;reviewing;users;verified
item_b427c13376155acc,i reviewed the users request for the director year and confirmed the director year year and plot summary i verified the main plot summary and plot summary for a concise overview of plot summary,confirmed;core;data;focused;identified;key;noted;processed;request;results;reviewed;verified;while
item_cbc975eb32bae94f,i reviewed the users request to compare food4all and sheltertogether in 2025 i identified the evaluation report for their evaluation report for food4all and confirmed the endofyear report for food4all based on the endofyear report,clear;concise;confirmed;considered;data;focused;identified;planning;processed;request;results;returned;reviewed
item_6a6089ba740fccbd,im reviewing the users request to convert another date to convert the same function i identified the correct function and confirmed that the required output is required i will then use the correct output,appropriate;checking;confirmed;confirming;correct;identified;request;required;result;reviewed;reviewing;values;verified
item_c10541b903226452,im reviewing the request to pull information from a linkedin company page i checked the available tools and identified the appropriate tool and confirmed the required url i need to retrieve the extract tool with the provided url and prepared the provided url,checked;confirmed;extraction;identified;information;preparing;pull;request;retrieve;reviewed;reviewing;settings;users
item_9ec6e9652cab77ea,i reviewed the script to understand how how it processes processes processes processes processes processes a exception i verified the text and verified that the text and verified that the text is correctly correctly correctly correctly correctly correctly,before;code;ensuring;examined;file;flow;logic;reviewed;reviewing;script;structure;understand;verified
item_785f8edaadfd5385,im reviewing the users request to geolocation geolocation for geolocation for the ip address i identified the available tools and confirmed that the ip address is the ip address i need to call the function with the ip address,appropriate;checked;checking;confirmed;identified;preparing;request;required;retrieve;reviewed;reviewing;users;verified
item_16f0ccd367330fd0,i reviewed the knowledge to understand how a law of a law of a law of a law of a law of a law of a law of a law of a law of a law of a law of law of a law of a law of a law of a law of,checked;concluded;confirmed;examined;final;find;found;identified;reviewed;reviewing;through;valid;verified
item_792492bdf0fe8a6b,i worked through the parabola of a parabola of its translation of 20 and 20 rotation i applied the translation to find the parabola of real equation to find the final answer,computed;determined;identified;resulting;reviewed;simplified;solved;terms;through;valid;value;values;worked
item_edd8643527dc4905,i worked through the problem by identifying the expression to find the left points then i identified the circle points to determine the circle of the circle of the final value,equation;expression;final;find;product;resulting;simplified;solved;sum;terms;through;value;values
item_2a48af011cffc5da,im reviewing the users request to convert 1000 usd to convert euros i identified the appropriate function and confirmed that the required parameter is the correct parameters i will proceed with the function with the users request,appropriate;before;checked;checking;confirmed;correct;identified;preparing;required;retrieve;reviewed;reviewing;verified
item_ed58379c0a191fce,i reviewed the script to understand how the dependencies is a dependencies i identified the dependencies and verified the dependencies and verified the dependencies and prepared the dependencies to understand the dependencies,code;configuration;ensuring;examined;field;file;migration;model;reviewed;script;structure;understand;verified
item_045aecaa2edb60c9,i reviewed the trivia trivia questions and confirmed the trivia questions i need to use the best tool with the best questions to use the best questions to retrieve the user that the user,appropriate;checked;checking;confirmed;identified;planning;preparing;request;required;reviewed;reviewing;users;verified
item_82cb8bb0290b5b5b,i reviewed the script to understand how it is a website version i focused on how the licensing website version and confirmed that the licensing website website website website website website website website website website website website website website description,code;configuration;confirmed;core;data;ensuring;focused;key;reviewed;structure;understand;verified;while
item_123176f7a21299ed,i reviewed the users request for the books martin and confirmed the tool is three game i identified the song three game series and confirmed that the main list of the main list of the main list,clear;confirmed;considered;final;focused;identified;processed;request;result;results;reviewed;users;verified
item_96665980c8569097,i reviewed the returned three austin elementary schools in austin tx and review counts i focused on presenting the location location rating and reviews and reviews i will present the user that the user compare options,clear;concise;core;extracted;focused;identified;including;organized;planning;processed;request;results;reviewed
item_c647e16f3926df9c,im reviewing the users request to check data for robot 42 for robot 42 for robot 42 i checked the sensor data and confirmed that the same tool is to use i will proceed with the sensor data,appropriate;before;checked;confirmed;identified;planning;preparing;request;required;retrieve;reviewed;reviewing;users
item_fa04c327e61b61f1,im reviewing the users request to retrieve two sensor data for robot 42 for robot 42 i checked the available tools and confirmed that i need to present the user that i will present the user to explain the user that the user,appropriate;before;checked;confirmed;considered;identified;information;planning;preparing;request;reviewed;reviewing;users
item_b3dee413fa69e490,i reviewed the users request for motivational quotes and checked the available tool i am now planning to present the team and author to share the team,available;clear;considered;data;focused;information;planning;processed;request;results;retrieve;reviewed;users
item_585bce9da48a119d,im planning to retrieve the design building building commercial building codes i will use the design function with the design commercial building commercial building commercial building commercial building commercial building commercial building commercial building commercial building commercial building commercial building commercial building commercial building commercial building commercial building commercial building commercial building commercial building,appropriate;checking;confirmed;correct;identified;planning;preparing;request;required;reviewed;reviewing;users;verified
item_1b11c0f9bc481d22,im planning to retrieve the stock price after getting apples price i will use the same tool with the company name and then use the same tool to retrieve the result,appropriate;confirmed;correct;fetch;identified;information;planning;preparing;request;requested;retrieve;reviewed;users
item_ba3111e0c06408f7,i worked through the angle angle angle angle angles to find the angle angle bac i identified the angle angle angle angle angle angle angle acb to find the final answer,computed;expression;final;identified;resulting;simplified;solved;started;sum;terms;through;value;worked
item_07da76a4558bf3e1,i worked through the problem by identifying the equation to simplify the given formula i identified the smallest formula and simplified the smallest formula and simplified the smallest formula to find the final answer,examined;expression;final;product;simplified;solved;squared;sum;terms;through;value;values;worked
item_2767c2716ca1960f,im reviewing the users request to retrieve medium for a medium i checked the available tools and checked the available tools i checked the available tools and confirmed that i need to ask the users request and need to ask the user,appropriate;before;cannot;checked;checking;confirmed;identified;prepared;preparing;realized;reviewed;reviewing;verified
item_de2f62ae15fe03ae,okay i reviewed the request to pull information from the company details i identified the main location founding year size and specialties i am now preparing to highlight the user that the raw html is the user,available;clear;confirmed;core;extracted;extraction;focused;identified;processed;request;results;retrieve;reviewed
item_eac6ad445b841fad,im reviewing the users request to indian stock price for indian stock price i identified the available tools and confirmed that the region prices is to confirm the region parameter is to confirm the user,appropriate;checked;checking;confirmed;identified;planning;preparing;request;required;retrieve;reviewed;reviewing;users
item_37581ceb631b81bb,im reviewing the users request to request for three parallel actions i identified the appropriate function and confirmed the required report for a high report for a high report i verified that the estimated report for the estimated report,appropriate;before;checked;checking;confirmed;identified;planning;preparing;required;retrieve;reviewed;reviewing;verified
item_1915fe861a597db0,i worked through the problem by identifying the same number of the same rule i identified the same number of the expression and simplified the expression to find the final value,expression;final;find;identified;product;resulting;simplified;solved;sum;terms;through;value;values
item_a93f5a36568cce54,i reviewed the users request for motivational quotes and identified the appropriate tool i focused on presenting the team and cs lewis the team and cs lewis the team and cs lewis the team,available;clear;clearly;core;data;focused;planning;present;processed;request;results;reviewed;users
item_ceff0f54d9a951c6,i worked through the expected probability of a expected probability of a expected probability of a expected probability of a average value and the expected average value to find the final answer,analyzed;computed;determined;final;identified;resulting;reviewed;simplified;solved;terms;through;valid;worked
item_b71174c5771ea4c1,i reviewed the goal of the vertical pairs and confirmed that the vertical pairs is 100 i identified the vertical pairs of the vertical pairs and 100 to find the final answer,confirmed;determine;determined;final;identified;result;reviewed;started;through;total;value;values;verified
item_e692400dd130e2a0,i reviewed the script to understand how the division of the division of the division of the division of the division of the division and the remainder i verified that the remainder is the final value,examined;expression;final;identified;product;reviewed;simplified;sum;terms;through;value;values;verified
item_e2d991e4c7232036,i reviewed the extracted company information for a linkedin company size and specialties i focused on presenting the most relevant details like steve jobs industry website location perseverance and specialties i am now preparing the team and specialties the team,available;clear;concise;core;data;focused;founding;organized;present;processed;request;results;reviewed
item_2f4f9eb288945514,i worked through the problem by identifying the rational theorem to find the rational roots i identified the roots and simplified the expression to find the final value of the final answer,computed;expression;final;product;resulting;simplified;solved;started;sum;terms;through;value;worked
item_2a4782a901e985cd,i reviewed the users request for paris temperature in paris in paris i identified the appropriate tool and confirmed the required temperature and prepared the city tool to fetch the brief temperature,appropriate;checked;confirmed;identified;information;planning;preparing;request;required;retrieve;reviewed;reviewing;verified
item_02644d1f7c535cf4,i reviewed the users request for austin elementary schools in austin texas i identified the appropriate tool and confirmed the required parameters including ratings and page number of elementary schools in austin texas i am now preparing to retrieve the results,appropriate;data;fetch;identified;information;planning;preparing;request;requested;results;retrieve;reviewed;users
item_ba0acbc78f6ecb74,i reviewed the users request to italian italian italian italian italian the main stopwords from the appropriate function i verified that the total category and confirmed that the final answer is the result,clear;confirmed;data;ensuring;focused;identified;planning;request;results;returned;reviewed;users;verified
item_bd7fa8a49e205357,im reviewing the request to pull information from a linkedin company page i checked the available function and confirmed that the required url is the extract function is required i need to call the extract function with the provided url,appropriate;checked;confirmed;extraction;identified;information;prepared;preparing;pull;request;retrieve;reviewed;reviewing
item_330ba62c4b4399cf,i worked through the roots of vietas formulas to find the vietas formulas then i identified the odd 63 to find the final value of the final value,computed;determine;determined;final;find;identified;result;simplified;started;terms;through;total;verified
item_58dbf2301b8edb29,i reviewed the users request for austin elementary schools in austin tx and reviews i identified the realtor_school_list tool with three ratings and review counts counts to present the user can present the user,available;clear;data;focused;information;planning;processed;request;results;retrieve;returned;reviewed;users
item_5a45745f20b7270e,i reviewed the users request for austin elementary schools in austin texas i identified the appropriate tool and confirmed the required parameters including ratings and reviews im preparing the required parameters to retrieve the school information,available;fetch;gather;identified;information;planning;preparing;request;requested;results;retrieve;reviewed;users
item_8ee8c8fcfd6fb0d6,i reviewed the script to understand how how how it processes processes processes processes processes processes processes processes processes processes processes processes processes processes processes processes processes processes processes processes processes processes processes processes processes processes processes processes processes processes processes processes processes processes processes processes processes processes processes processes processes processes processes processes,before;examined;identified;input;logic;reviewed;reviewing;script;structure;through;understand;values;verified
item_1ef5d2b18ab4d44d,im planning to retrieve the sensor data from the sensor data from normal voltage and normal voltage i will use the high temperature with high id and then proceed to determine the error data,am;available;confirmed;considered;ensuring;identified;planning;request;results;retrieve;reviewed;users;verified
item_f2a18d1d18b6b5d2,i reviewed the script to understand how it is a game i focused on the class and confirmed the state state state state state state state state state state state state state state state state state,code;configuration;ensuring;examined;file;migration;model;reviewed;reviewing;script;structure;understand;verified
item_42bddd3316df5ae0,i worked through the problem by defining the expression to find the expression then i identified the expression to simplify the expression to find the final value,equation;final;find;product;resulting;simplified;solved;started;sum;terms;through;value;values
item_36d33d02ce1ad665,i reviewed the request and confirmed that the company code is the validity i identified the correct function and prepared the correct code to find the company code,appropriate;confirmed;identified;planning;prepared;preparing;request;required;retrieve;reviewed;reviewing;users;verified
item_0700b9874be229ca,im reviewing the request to fetch artist overview of artist overview i checked the available tools and confirmed the available tools i need to call the total function with the required id and prepared to retrieve the key overview,appropriate;before;checked;confirmed;identified;planning;preparing;request;required;retrieve;reviewed;reviewing;users
item_dee6a34eb21cdf2f,okay i reviewed the request and checked the available tools i checked the available tools i checked the available tools and confirmed that the user did not request i need to inform the user that i need to inform the user that i need to inform the user,before;cannot;checked;concluded;confirmed;considered;found;identified;realized;reviewed;reviewing;users;whether
item_292a4189e1cd527d,i worked through the problem by defining the amgm and used the expression to find the expression then i then computed the expression to find the final value,equation;expression;final;find;product;resulting;simplified;solved;started;sum;terms;through;values
item_a94c8851f5c998f2,i reviewed the users request for three new postal angeles and confirmed that the postal code is a postal code is a postal and los postal code to present the postal code to present the result,clear;confirmed;considered;data;focused;identified;planning;processed;request;results;reviewed;users;verified
item_93a6e0ceff98d082,i reviewed the users request for a list of their creation i identified the tool and confirmed the creation i identified the creation and confirmed that the creation is required and prepared the users request for each response,am;clear;confirmed;considered;data;focused;identified;planning;processed;request;retrieve;returned;reviewed
item_035a9bea7a0b92c8,i reviewed the moral nihilism and confirmed that the moral nihilism is to false then i am now planning to retrieve the questions to retrieve the questions to retrieve the user,am;appropriate;confirmed;ensuring;identified;planning;preparing;request;required;reviewed;reviewing;users;verified
item_18cc05cc70798df0,im reviewing the users request to 100 articles from climate articles from climate articles i identified the appropriate function and confirmed the required parameters and prepared to call the required parameters to retrieve the users request,appropriate;before;checked;checking;confirmed;identified;preparing;request;required;retrieve;reviewed;reviewing;verified
item_92d65d6e7ce296cb,i reviewed the request to convert 1000 gbp to convert 1000 usd i identified the appropriate function and confirmed the correct parameters and prepared the correct parameters to usd,am;appropriate;confirmed;identified;information;planning;prepared;preparing;request;required;retrieve;reviewed;verified
item_def8e41a59c3363d,im reviewing the users request to detect a phrase of phrase i checked the available tools and identified the appropriate function i verified the required parameter and confirmed that the required parameter is required i need to confirm the phrase and french language,appropriate;before;checked;checking;confirmed;identified;preparing;request;required;retrieve;reviewed;reviewing;users
item_b26ecc31b79c963d,im reviewing the users request to about the available tools and checking the available tools i checked the available tools and confirmed that the player is player is required i need to retrieve the user that the user,appropriate;before;checked;checking;confirmed;identified;preparing;request;required;retrieve;reviewed;reviewing;verified
item_567db416a6d3c109,i worked through the angle arc of arc and identified the circumference to find the circumference of the circumference of the circumference then i then applied the circumference to find the final answer,computed;expression;final;find;identified;resulting;reviewed;simplified;sum;terms;through;value;worked
item_98e82500fbf79a25,i reasoned that the hyperbola distance between 20 between 20 between the distance between the distance between the distance between the distance between the distance between the distance between the distance between the distance of the distance,combined;computed;determined;final;find;identified;reasoned;resulting;reviewed;started;through;total;value
item_009c4f403771e6f7,i reviewed the users request for austin elementary schools in austin texas i identified the appropriate tool and confirmed the required level and reviews i am now preparing the required parameters to retrieve the school information,appropriate;data;fetch;identified;information;planning;preparing;request;requested;results;retrieve;reviewed;users
item_9db9b047f15dceba,i reviewed the linkedin url and confirmed that the company name industry website headquarters founding year size and specialties i am now preparing to summarize the key details into a clear and specialties i will summarize the user,available;clear;core;data;extracted;extraction;focused;founding;identified;processed;request;results;reviewed
item_44a12121ffba7951,i reviewed the users request for the snapshot and identified the appropriate tool i identified the correct files and confirmed the required files and prepared the correct parameters for the renaming files and then prepared the user,appropriate;before;checked;confirmed;considered;determined;identified;planning;request;retrieve;reviewed;reviewing;verified
item_065c852166f8f48f,i reviewed the users request for spanish rápidamente and confirmed the translation is to confirm the translation is to confirm the translation is to confirm the translation is to confirm the translation,am;confirmed;considered;data;identified;planning;request;results;retrieve;returned;reviewed;users;verified
item_c8f40b57cd502efe,i worked through the prime prime prime prime of n and used the perfect squares to find the perfect squares i identified the perfect squares and simplified to find the final answer,computed;determined;final;find;identified;result;resulting;simplified;started;terms;through;total;value
item_16ba47b6221ede4f,i reviewed the users request to sydney in high sydney i identified the users request and confirmed the users request and confirmed the users request so i am now preparing to submit the users request,am;appropriate;clear;confirmed;data;identified;information;planning;results;retrieve;returned;reviewed;verified
item_213f2555ce16fb8d,im reviewing the users request to code_128a barcode data for a download 987654321 i identified the available tools and confirmed the available tools i will call the download function call with the download function with the values,appropriate;confirmed;correct;identified;planning;preparing;request;required;retrieve;reviewed;reviewing;users;verified
item_54b4145ee2135b88,okay i reviewed the request to pull information from a linkedin company page i checked the available tool and confirmed that the company name industry website headquarters founding year size and specialties i am now preparing to summarize the company information,available;clear;core;data;extracted;extraction;focused;founding;identified;including;processed;request;reviewed
item_bd038a84064dd3e3,i reviewed the users request for elementary schools in austin elementary schools in austin tx and reviews i identified the perfect location location location rating and prepared to provide a clear overview of results,available;clear;clearly;concise;data;focused;identified;planning;present;processed;request;results;reviewed
item_6b8b0ac164a77b36,i reviewed the users request for a recipes recipes and checked the available tools i checked the available tools and checked the available tools i checked the available tools and confirmed that the recipe and prepared to call the correct parameters,appropriate;before;cannot;checked;confirmed;functions;identified;preparing;realized;request;reviewed;reviewing;users
item_bc37377bc08d48b3,i reviewed the script to understand how the route for the route i identified the template template and confirmed that the route is a content i focused on the template and verified that the route to ensure the template,code;configuration;ensuring;examined;file;focusing;identified;reviewed;reviewing;script;structure;understand;verified
item_7683727debf82dfe,i worked through the problem by identifying the sum of the sum of the sum of the sum of the sum of the sum to find the final value,computed;determined;expression;final;find;identified;result;resulting;simplified;started;terms;through;value
item_4c85410a0b2fc57b,im planning to retrieve the detailed information about a property using the available tool i will use the available tool to retrieve the requested information for the user can retrieve the user,am;confirmed;considered;data;identified;planning;preparing;processed;results;returned;reviewed;reviewing;users
item_20495c694fb6bf7e,i worked through the square cost of x and used the surface area to find the total area of a surface area of the total surface surface price then i then used the total area to find the total area of the total area of the total area of the total surface area of,computed;determined;final;find;gave;identified;reasoned;resulting;reviewed;through;valid;value;worked
item_e94905d4a995067f,im reviewing the users request to retrieve paypal transaction history and confirming the available tools i checked the available tools and confirmed that i need to call the transaction function call with the transaction function call with the transaction history history,appropriate;before;cannot;checked;checking;confirmed;identified;preparing;request;required;reviewed;reviewing;users
item_b3a6d4a881e656d2,i reviewed the conversion conversion conversion conversion conversion and confirmed that the conversion is the conversion is the result i considered how to confirm the result is to confirm the result is the result,cannot;checked;concluded;confirmed;considered;found;identified;planning;request;reviewed;reviewing;users;verified
item_4a74f9c337ff8eba,i reviewed the factorial tools and confirmed that the factorial is the factorial is to present the factorial i am now preparing to present the results to present the user,appropriate;checking;confirmed;correct;identified;planning;preparing;request;required;retrieve;reviewed;users;verified
item_6d3afcae0ced1585,im reviewing the users request to create a new post and planning to create a new post metrics i identified the team and confirmed the team and prepared the team and prepared to create the team,appropriate;before;checked;confirmed;identified;planning;prepared;preparing;request;reviewed;reviewing;users;verified
item_0d0875f7d58390bd,im reviewing the users request to top learning results for 10 hours in 10 hours i checked the available tools and confirmed that the search function is required i need to retrieve the top 10 and prepared the top 10 hours,appropriate;before;cannot;checked;confirmed;identified;preparing;request;required;retrieve;reviewed;reviewing;users
item_b92d9e9a9b282f6b,i reviewed the sensor data for the sensor data and identified the cooling system issue i identified the cooling system address and confirmed that the cooling system is to confirm the fault is to confirm the fault based on the fault,am;clearly;confirmed;considered;determined;focused;planning;processed;request;results;returned;reviewed;verified
item_dd6427d7dc445f9a,i worked through the diagram of the diagram and identified the diagram to find the squares i identified the squares number of 2 and simplified to find the final value,computed;determine;determined;final;given;identified;result;resulting;simplified;terms;through;value;values
item_3a087aac124d33a5,i reviewed the users request for realtime data and confirmed the available tools i checked the available tools and confirmed that the cooling energy function is the parameters i am now preparing to call the total function with the response,appropriate;before;checked;checking;confirmed;identified;preparing;request;required;retrieve;reviewed;reviewing;users
item_2195839e7f4f51de,i reviewed the users request for public holidays in france 2023 i identified the extracted function and confirmed that a concise overview of a concise overview of a concise summary for a concise summary,available;confirmed;data;focused;identified;planning;processed;request;results;returned;reviewed;summary;users
item_446399e37fb889a8,i worked through the problem by identifying the polynomial roots and used the roots to find the roots i identified the roots and simplified the expression to find the final value,computed;final;identified;product;resulting;set;simplified;solved;through;valid;value;values;worked
item_9a13cf59beb991ae,i reviewed the script to understand how it is a brief version i identified the personal version and confirmed that the personal version is a project i focused on the personal keywords the project,code;configuration;confirmed;ensuring;examined;focused;identified;reviewed;reviewing;script;structure;understand;verified
item_3788623e21ea1e78,i reviewed the request to find the minimum distance between y between y between y and y i identified the minimum functions and confirmed that the minimum functions is y i verified that the inverse of the inverse of y,confirmed;confirming;considered;determine;determined;final;identified;request;result;reviewed;through;value;verified
item_23c42e5148e2dca7,im reviewing the users request to calculate a cylinder cylinder cylinder cylinder and height i identified the appropriate function and confirmed the required parameters and confirmed the required parameters i need to ask the user that the arguments,appropriate;checked;confirmed;correct;identified;preparing;request;required;retrieve;reviewed;reviewing;users;verified
item_4f0a7b85fadb271f,im reviewing the request to pull information from a linkedin company page i checked the available tool and confirmed that the provided url is the required parameters i will proceed with the provided url using the provided url,appropriate;checked;confirmed;extraction;identified;information;preparing;pull;request;required;retrieve;reviewed;reviewing
item_f5b05c527b6668da,i worked through the problem by the arithmetic between the arithmetic between the sequence of the arithmetic terms of the average term and 300 then i then computed the common difference of the common difference of the final answer,computed;determine;determined;final;gave;gives;identified;reasoned;reviewed;started;through;total;value
item_ebc0be025ae723c2,i reviewed the users request for a request and checked the available tools i identified the appropriate function and confirmed the required parameters and confirmed the required parameters i verified the required parameters and prepared the correct parameters for the algorithm,appropriate;before;cannot;checked;checking;confirmed;examined;identified;preparing;required;reviewed;reviewing;verified
item_44ce8a93e3c85cf3,i reviewed the users request for a bullish engulfing bullish page i identified the appropriate function and confirmed the required details like amazon details like amazon amazon details like stocks and googl and googl to present the result,am;clear;confirmed;data;focused;identified;planning;processed;request;results;retrieve;reviewed;users
item_d4a4e72eadc550ef,i reviewed the users request for a weather calculation and checked the available tools i checked the available tools and confirmed that a weather tool is required i am now preparing to inform the user that the user,appropriate;checked;confirmed;identified;planning;preparing;request;required;retrieve;reviewed;reviewing;users;verified
item_46a61867e6c74e75,i worked through the area of a area of a area of a area of a area of the area then i identified the area of the area of the area of the area of the area of the area of the area of the area of the area of the area of the,computed;determined;final;find;gave;identified;resulting;simplified;solved;terms;through;valid;worked
item_7c7e2be562d4429c,i reviewed the script to understand how the setup is a version i identified the setup setup setup and confirmed the setup is a version i focused on the setup and verified the setup to understand the setup,code;configuration;ensuring;examined;file;focused;migration;model;reviewed;script;structure;understand;verified
item_ffc205416307a899,i worked through the possible probability of the possible probability of 2 to find the probability of the probability of the probability of the probability of the probability of the probability of the probability of 2,computed;determined;final;find;gives;identified;reasoned;resulting;reviewed;started;through;total;value
item_2e05d1917f80aa5c,i reviewed the script to understand how how it is being being being being being being being being being being being being being being being being being being being being being being being being being being i verified that the final answer,code;examined;flow;logic;reviewed;reviewing;script;sequence;structure;through;understand;values;verified
item_6ce9a916a31da852,i reviewed the users request for a majority majority majority majority i identified the appropriate function and confirmed that the required parameter is the required i verified that the function is the correct function call with the list of 1,before;checking;confirmed;determined;examined;identified;request;result;reviewed;reviewing;users;values;verified
item_1778686d01bef849,i reviewed the script to understand how how it is being being being being being being being being being being being being being being being being being being being being being being being being being being i verified that the setup is missing,code;configuration;ensuring;examined;file;focused;migration;reviewed;reviewing;script;structure;understand;verified
item_7dada7bece057341,im reviewing the users request to convert 1000 usd to convert euros i identified the appropriate function and confirmed the required parameters and prepared to use the required parameters to retrieve the arguments,appropriate;confirmed;correct;identified;planning;preparing;request;required;retrieve;reviewed;reviewing;users;verified
item_91dbf506df7d7b54,i reviewed the users request for a list through a list of a list of a list i identified the appropriate function and confirmed that the required date is required i am now preparing to ensure the user that the user,appropriate;before;checked;confirmed;confirming;considered;examined;identified;planning;retrieve;reviewed;reviewing;verified
item_1c18a9c997bd3405,i reviewed the script to understand how it is a commands is a commands i identified the ps to understand how the care care care care care care care care care care care care care and the care care care care care care care care care care care care care,code;configuration;confirmed;ensuring;examined;file;identified;reviewed;reviewing;script;structure;understand;verified
item_da7a2f63ca6d0a79,i worked through a sides of multiplying both sides of both sides to find the 1000x then i identified the 1000x to find the original threedigit threedigit threedigit threedigit threedigit threedigit threedigit threedigit threedigit threedigit threedigit threedigit threedigit threedigit threedigit threedigit threedigit threedigit threedigit threedigit threedigit threedigit unique and the solution,computed;expression;final;find;identified;resulting;simplified;solved;terms;through;valid;values;worked
item_eb6ab204b02632cb,im reviewing the users request to send feedback about a service in sydney i identified the appropriate tool and confirmed the required level and confirmed the required level im preparing to call the correct parameters to send details,appropriate;checked;checking;confirmed;correct;identified;planning;preparing;required;retrieve;reviewed;reviewing;users
item_f7613d66c6d85b15,im reviewing the request to find languages spoken spoken spoken spoken in brazil i will use the tool with the country code function with the country code code to retrieve the requested information,appropriate;confirmed;identified;information;planning;preparing;request;requested;results;retrieve;reviewed;users;verified
item_281d3e8b9282e0ae,im reviewing the users request to natural forex prices using the last tool i identified the last tool and confirmed the required parameters for the last symbol to open points i will call the last symbol to open points,appropriate;before;checked;checking;confirmed;identified;preparing;request;retrieve;reviewed;reviewing;users;verified
item_5f0d1a617c6c9590,im planning to retrieve motivational quotes using the available tool to fetch a business project i will use the available tool to retrieve a business collection of motivational quotes using the team,available;clear;considered;data;decided;information;plan;planning;request;results;retrieve;reviewed;users
item_372412bbb365fed7,im reviewing the users request to united headlines for united states i checked the available tools and confirmed that the available tools are required parameters i need to call the united states with the united states,appropriate;checked;confirmed;correct;identified;planning;preparing;request;required;retrieve;reviewed;reviewing;users
item_34b6b2392cf74e64,i reviewed the script to understand how the django django django django django django django django django file i focused on the dependencies and confirmed the dependencies to understand the final answer,code;configuration;ensuring;field;file;focused;migration;model;reviewed;script;structure;understand;verified
item_2989c93db8a7c560,i reviewed the users request for new quarterly and identified the same process i identified the same function and confirmed that the same function is the correct function is required i am now preparing the result,confirmed;considered;count;determined;final;identified;planning;reasoned;request;results;reviewed;users;verified
item_17305cd96c06fcac,i worked through the expression to find the expression of an expression to find the expression then i identified the expression to find the expression to find the final value,computed;determined;final;identified;set;simplified;solved;started;terms;through;valid;value;worked
item_bba52354b96b8370,im reviewing the users request to pull information from a customer categories i identified the appropriate function and confirmed the required parameters i will use the required parameters to call the personal categories and reviews,appropriate;before;checked;confirmed;identified;information;planning;prepared;preparing;request;retrieve;reviewed;reviewing
item_5ce54e9859b8adda,i reviewed the request for abc corporation and identified the available extraction tool i identified the available details like name industry website industry website year size and specialties i am now preparing to present the raw html,clear;core;data;extracted;focused;founding;identified;information;organized;processed;request;results;reviewed
item_b01b9d9e48f8665c,i reviewed the users request for a python python python python python snippet and confirmed that the available tool is required i am now preparing to use the required code tool with the statement and then prepared the statement,available;before;checking;confirmed;ensuring;identified;planning;request;retrieve;reviewed;reviewing;users;verified
item_fb50afb6efdf4f48,okay i reviewed the request and checked the available tools i checked the available tools i checked the available tools and checked the available tools i need to inform the user that i need to inform the user that i need to inform the user that the user,before;cannot;checked;concluded;confirmed;considered;found;fulfill;identified;realized;retrieve;reviewed;reviewing
item_1c20a3c4f6b145ce,im reviewing the users request to fetch a image image image image id i checked the available tools and confirmed the required parameters and confirmed the required parameters i need to retrieve the team,appropriate;before;checked;checking;confirmed;identified;prepared;preparing;retrieve;reviewed;reviewing;users;verified
item_a497820b2c5d7da0,i reviewed the users request for austin elementary schools in austin elementary schools in austin tx and reviews i am now planning to present the schools with the user that the user can be davis elementary schools with the user,available;clear;concise;data;focused;identified;planning;processed;request;results;retrieve;reviewed;users
item_be02fd9bacddb140,i reviewed the users request for motivational quotes and identified the appropriate function i identified the required parameters and confirmed the required parameters and prepared the required parameters to retrieve the user,appropriate;available;correct;identified;information;planning;preparing;request;requested;results;retrieve;reviewed;users
item_13967642fbf7db7b,im reviewing the users request to verify a roles of a phone roles i checked the available tools and checked the available tools i checked the available tools and confirmed that i need to explain the phone number of the phone service,before;cannot;checked;concluded;confirmed;found;fulfill;functions;identified;realized;reviewed;reviewing;task
item_b1d3b821fb4ba4cf,im planning to retrieve motivational quotes using the available tools to fetch a business project i will use the available tools to retrieve the team during a business project,confirmed;data;identified;information;planning;preparing;request;requested;results;retrieve;reviewed;reviewing;users
item_ae2dcafca2b23012,i reviewed the users request for motivational quotes and identified the available tool i focused on presenting the team and persistence and persistence and passion to provide a business jobs and persistence,available;clear;concise;data;extracted;focused;organized;planning;present;processed;request;results;reviewed
item_79170787d4969f8c,im planning to retrieve the requested list of elementary schools in austin texas i will use the available function with the required parameters and page to retrieve the results to retrieve the results,available;data;fetch;identified;information;planning;preparing;request;requested;results;retrieve;reviewed;users
item_7d1e34d6c9edf5c4,im reviewing the users request for the latest tv trends and planning to use the most function with the top names names names and popular genres to call it with the top genres and popular genres,am;appropriate;confirmed;correct;identified;information;planning;preparing;request;retrieve;reviewed;reviewing;users
item_b5de7f00e74aa613,i worked through the law of the law of the law of bac to find the law of bac i identified the law of the law of cosines and cosines to find the final answer,examined;expression;final;find;product;resulting;simplified;solved;started;terms;through;value;worked
item_7d22c6ece4d7fcf3,im reviewing the users request to problem by first identifying the binary numbers i identified the appropriate tool and confirmed the required parameters for the binary sum of the binary numbers and confirmed the binary number of the binary numbers,appropriate;before;checked;checking;confirmed;examined;identified;request;required;reviewed;reviewing;users;verified
item_d1e690cea070c085,i reviewed the extracted school school information and confirmed that the school school details like ratings and review counts i am now review counts and review counts to summarize the schools with the school information,clear;concise;core;extracted;focused;founding;identified;organized;present;processed;request;results;reviewed
item_842db13f907127dd,i reviewed the script to understand how it is a settings i identified the default settings i verified the default settings and prepared the default settings to ensure the overview,before;code;configuration;confirmed;ensuring;examined;identified;reviewed;reviewing;script;structure;understand;verified
item_e4fd924168e59054,i reviewed the users request for joy and identified the users request for joy i identified the users request and confirmed the users request and prepared the users request for the users request,am;confirmed;considered;data;focused;identified;key;planning;processed;results;returned;reviewed;verified
item_34e7c39de4ec59dc,i worked through the sentiment analysis of the sentiment and review the sentiment and review counts i determined that the sentiment is negative and negative and negative i then planned to determine the final answer,computed;concluded;confirmed;considered;determined;final;find;identified;reasoned;reviewed;through;valid;verified
item_6c444b0829adb7e3,i reviewed the request and confirmed the query for the query for 2022 i identified the query function and confirmed the most 2022 i am now preparing to summarize the function with the function to ensure the user,am;appropriate;confirmed;data;identified;information;planning;preparing;request;retrieve;reviewed;users;verified
item_13a07f3a2c5454c8,i worked through the problem by identifying the function and identified the function to find the function i identified the function and simplified the function to find the final value,determine;final;find;given;identified;result;simplified;sum;terms;through;value;values;verified
item_8451b39eb2a8b338,i reviewed the dark knight and focused on presenting the director genre rating and rating i am now planning to present the director genre rating and rating to present the user,clear;confirmed;core;data;extracted;focused;identified;organized;processed;request;results;returned;reviewed
item_6e144291fff15050,i reviewed the request for a linkedin url and identified the available tool i focused on presenting the company details like name industry website headquarters founding year size and specialties i am now preparing the raw response,clear;core;data;extracted;focused;identified;including;organized;processed;request;results;reviewed;summary
item_81fc08633f66d62b,im planning to retrieve the current trends by calling the current options i will use the current tool to choosing the current options and choosing maps to retrieve the user,am;appropriate;available;confirmed;data;identified;information;planning;request;results;retrieve;reviewed;users
item_36ee40c7e6df8462,im reviewing the users request to fetch detailed request for detailed part i identified the appropriate function and confirmed the required details like newtons newtons newtons newtons newtons newtons newtons newtons newtons newtons newtons newtons data,appropriate;checking;confirmed;correct;identified;planning;prepared;preparing;required;retrieve;reviewed;reviewing;verified
item_c62603774f7b95f6,okay i reviewed the request and checked the available tools i checked the available tools i checked the available tools and confirmed the available tools i need to inform the user that the user can proceed with the user,appropriate;before;cannot;checked;checking;confirmed;identified;preparing;required;retrieve;reviewed;reviewing;users
item_a4f62f2f759dacd4,im reviewing the users request to send a send a email address i identified the appropriate function and confirmed the required parameters i will use the update function call with the team and modify the team,appropriate;before;checked;checking;confirmed;identified;planning;preparing;retrieve;reviewed;reviewing;users;verified
item_b633dcaeb9e639c3,i reviewed the sensor data from a high temperature voltage and normal voltage the cooling overheating i am now planning to resolve the cooling system address the cooling system and resolve the cooling system,am;clear;confirmed;considered;identified;planning;processed;request;results;returned;reviewed;users;verified
item_ff0614ced534b349,i worked through the angle angle angle angle angle acb to find the angle triangle then i identified the angle angle angle angle angle angle angle angle triangle and angle angle angle angle angle angle,expression;final;find;identified;result;resulting;simplified;sum;terms;through;value;values;verified
item_7f79f39f916a28b6,i reviewed the users request to subregions a region in a region region region parameter i checked the region parameter and confirmed that the user did not provide a specific region or country or intended,appropriate;checked;confirmed;correct;identified;planning;preparing;request;required;retrieve;reviewed;reviewing;users
item_f6cc08c5c22edf12,im reviewing the request to sports news sports news for a sports news i identified the appropriate function and confirmed the required parameters and prepared the required parameters to retrieve the latest sports news,appropriate;checking;confirmed;correct;identified;planning;preparing;required;retrieve;reviewed;reviewing;users;verified
item_69ec2887600eae8e,i reviewed the google google google research and confirmed that the copyright is not provided i focused on how the law of the law of the law of the law of the law of the law of authors,confirmed;core;data;ensuring;focused;focusing;key;noted;reviewed;structure;understand;verified;while
item_c5ce0c7a1b01e7ee,i reviewed the script to understand how it is a tangible i focused on how the tangible modifications i focused on how how it is correctly correctly correctly correctly correctly i verified that the result,code;configuration;core;ensuring;examined;focused;model;reviewed;script;structure;template;understand;verified
item_658b5cb4d1e47802,i reviewed the request to pull information about a linkedin company page i identified the provided url and confirmed that the provided details like name industry website headquarters founding year size and specialties i will present the user,available;clear;core;data;extracted;extraction;focused;founding;identified;key;processed;request;reviewed
item_bba5a1bea0608081,i reviewed the users request for austin elementary schools in austin tx and page i identified the appropriate tool and confirmed the required parameters including ratings and page number i am now preparing to retrieve the school information,appropriate;data;fetch;identified;information;planning;preparing;request;requested;results;retrieve;reviewed;users
item_129384e90f5c3713,i worked through the circle point to find the unit circle of counterclockwise to find the triangle then i identified the triangle to find the 306090 point to find the final answer,computed;determine;expression;final;find;identified;result;simplified;terms;through;value;values;worked
item_828bf5eedbb77fee,i worked through the problem by identifying the total number of the total number of the total number of the total number of the total alex and cheese,combined;computed;expression;final;find;resulting;reviewed;simplified;started;terms;through;value;worked
item_b4e752758693696a,i reviewed the users request for the character string and identified the appropriate function i verified that the character state state state state state state state state state state state state state result,appropriate;confirmed;confirming;correct;final;identified;request;required;results;reviewed;value;values;verified
item_e6fb20ebb2888220,im reviewing the request to fetch trivia trivia questions from 10 from 10 from 10 i identified the appropriate function and confirmed the required parameters and prepared the trivia questions to retrieve the trivia questions and category,appropriate;checked;confirmed;correct;identified;preparing;request;required;retrieve;reviewed;reviewing;users;verified
item_2e6d0c8dead61d80,im reviewing the users request to calculate 10000 at 10000 for 10000 at 10000 years i identified the appropriate function and confirmed the required parameters for approximately growth growth growth growth growth,appropriate;before;checking;confirmed;confirming;correct;identified;preparing;request;required;reviewed;reviewing;verified
